Así que no hay manera de que lo conecte aquí en los Estados Unidos a menos que vaya por un convertidor.	0
Buen caso, excelente valor.	1
Ideal para la quijada.	1
Atado al cargador para conversaciones que duran más de 45 minutos. ¡¡¡MAYOR PROBLEMAS !!	0
El micrófono es genial.	1
Tengo que mover el enchufe para alinearlo correctamente y obtener un volumen decente.	0
Si tiene varias docenas o varios cientos de contactos, imagine la diversión de enviarlos uno por uno.	0
Si eres propietario de Razr ... debes tener esto!	1
No hace falta decir que desperdicié mi dinero.	0
¡Qué desperdicio de dinero y tiempo!.	0
Y la calidad del sonido es genial.	1
Quedó muy impresionado al pasar de la batería original a la batería extendida.	1
Si los dos estaban separados por apenas 5 pies, empecé a notar un exceso de sonido estático y distorsionado en el auricular.	0
Muy buena calidad aunque	1
"El diseño es muy extraño, ya que el ""clip"" de la oreja no es muy cómodo en absoluto."	0
Muy recomendable para cualquiera que tenga un teléfono azul.	1
Aconsejo a todos que no se dejen engañar!	0
¡Hasta ahora tan bueno!.	1
¡Funciona genial!.	1
Encaja en su lugar de manera que usted se pregunte cuánto durará ese mecanismo.	0
Entré en el sitio web de Motorola y seguí todas las instrucciones, pero no pude volver a sincronizar.	0
¡Compré esto para usar con mi Kindle Fire y me encantó!	1
Los comerciales son los más engañosos.	0
Todavía tengo que ejecutar esta nueva batería por debajo de dos barras y eso es tres días sin cargar.	1
Lo compré para mi madre y ella tuvo un problema con la batería.	0
Gran combinación de Pocket PC / teléfono.	1
He tenido este teléfono durante 7 meses y puedo decir que es el mejor teléfono móvil que he tenido.	1
No pensé que las instrucciones proporcionadas fueran útiles para mí.	0
La gente no podía escucharme hablar y tuve que sacar el auricular y hablar por teléfono.	0
No se hace cargo.	0
Este es un pequeño teléfono simple de usar, pero la rotura es inaceptable.	0
Este producto es ideal para personas como yo, cuyas orejas son muy sensibles.	1
Es inutilizable en un automóvil en movimiento a velocidad de autopista.	0
Me quedan dos años más en este contrato y odio este teléfono.	0
Se incluyen el cargador para el automóvil y el cargador de CA para asegurarse de que nunca se quede sin jugo. Muy recomendable	1
Necesita al menos 3 minutos para acceder a su directorio telefónico desde el momento en que lo enciende por primera vez. La vida de la batería es corta.	0
Se ha mantenido muy bien.	1
Mal rendimiento de tiempo de conversación.	0
El caso es genial y funciona bien con el 680.	1
Producto sin valor.	0
Tiene una gran cámara de 2MP, y las fotos son agradables y claras con una gran calidad de imagen.	1
No me impresionó este producto.	0
Bonito auricular a un precio justo.	1
Solo escucho basura para audio.	0
Excelente auricular bluetooth.	1
Tiene todas las características que quiero.	1
¿Quién en su sano juicio va a comprar esta batería?	0
DESPUÉS DE ARGUAR CON VERIZON CON RESPECTO A LAS LLAMADAS CAÍDAS, RETORNAMOS LOS TELÉFONOS DESPUÉS DE DOS DÍAS.	0
Este caso parece bien hecho.	1
Decepcionado con la batería.	0
No es lo suficientemente fuerte y no se enciende como debería.	0
Buena protección y no hace que el teléfono sea demasiado voluminoso.	1
Un teclado utilizable en realidad convierte un PDA en una máquina útil en el mundo real en lugar de ser un simple artilugio.	1
Este teléfono es bastante resistente y nunca he tenido grandes problemas con él.	1
¡Me encanta esta cosa!	1
Todo está bien y es razonable para el precio, es decir,	1
MUY DECEPCIONADO.	0
¡Incluso dejé caer este teléfono en una transmisión y lo sumergieron durante 15 segundos y aún funciona muy bien!	1
He estado muy contento con el 510 y no he recibido ninguna queja de nadie con respecto a mi calidad de sonido.	1
Los botones de encendido y apagado son malos.	0
Esencialmente puedes olvidarte del soporte técnico de Microsoft.	0
Realmente recomiendo esta placa frontal ya que se ve muy bonita, elegante y fresca.	1
Estos audífonos fueron un gran hallazgo, y creo que son quizás la mejor compra que he hecho en los últimos años, en serio.	1
Compra un teléfono diferente, pero no esto.	0
Debe sostener el teléfono en un ángulo particular para que la otra parte lo escuche claramente.	0
La única gran desventaja del reproductor de MP3 es que los botones en la cubierta frontal del teléfono que le permiten hacer una pausa y saltar canciones se bloquean después de unos segundos.	0
Una semana después de que lo activé, de repente murió.	0
Se siente más cómodo que la mayoría de los audífonos porque uso gafas y eso interfiere a veces.	1
Ideal para iPODs también.	1
Este dispositivo es excelente en varias situaciones: 1.)	1
El micrófono no funciona.	0
Incluso en mi serie BMW 3, que es bastante silenciosa, tengo problemas para escuchar lo que la otra persona está diciendo.	0
¡Gran elección!	1
Agradable estación de acoplamiento para el hogar o el trabajo.	1
Este es un hermoso teléfono.	1
Me encanta este producto.	1
No compre para D807 ... anunciado incorrectamente para D807.	0
Este es un gran artículo pequeño	1
Me encanta este teléfono, es muy práctico y tiene muchas características.	1
Compré esto y en 2 días ya no funcionaba !!!!!!!!!	0
Lo uso todos los días y se sostiene muy bien.	1
No es una buena ganga.	0
Bien embalado, llegó a tiempo, y funciona según lo previsto.	1
La batería se agota rápidamente.	0
Este artículo funcionó muy bien, pero se rompió después de 6 meses de uso.	0
Los auriculares son fáciles de usar y todos los aman.	1
Este teléfono funciona muy bien.	1
La construcción de los auriculares es pobre.	0
¡El producto fue excelente y funciona mejor que el de Verizon y Boy fue más barato!	1
El teléfono se carga super!	1
Para un producto que cuesta tanto como este, espero que funcione mucho mejor y con mayor facilidad que esto.	0
Hecho muy resistente.	1
Funcionó muy bien !.	1
Los auriculares solo tocan música en un oído.	0
No malgastes tu dinero ...	0
¡Ordenará de ellos otra vez!	1
Si planeas usar esto en un auto, olvídalo.	0
Encontré este producto demasiado grande.	0
Lo mejor que he encontrado hasta ahora ... He probado otros 2 bluetooth y este tiene la mejor calidad (tanto para mí como para el oyente), así como la facilidad de uso.	1
Estoy muy decepcionado con mi decisión.	0
Integrado a la perfección con el teléfono Motorola RAZR.	1
Cuidado con el comprador, usted podría tirar el dinero en el inodoro.	0
Definitivamente una ganga.	1
El precio fue muy bueno y con el envío gratis y todo fue una buena compra.	1
Recibí mi motorola 375 supuestamente nuevo y aparentemente no hubo una coincidencia entre el teléfono y el cargador.	0
Ventajas: -Buena cámara: muy buenas fotos, también tiene estilos geniales como blanco y negro, y más.	1
Ese es un gran defecto de diseño (a menos que no lo esté usando correctamente, lo cual no creo que sea el caso).	0
Me encantan mis auriculares 350. Mis auriculares Bluetooth Jabra350 son excelentes, la recepción es muy buena y el auricular es un ajuste cómodo.	1
La cámara, aunque está clasificada en un impresionante 1.3 megapíxeles, genera imágenes que caen muy por debajo de las expectativas de una resolución tan alta.	0
Hice esto para el cargador de coche y no funciona.	0
La calidad del sonido en ambos extremos es excelente, ¡uso auriculares para llamar a mi esposa y le pido a mi esposa que use auriculares para llamarme! 2.	1
Este teléfono es delgado y ligero y la pantalla es hermosa.	1
Es un poco geek, pero creo que ese es su sexo sobre una tostada y se balancea y rezuma hasta su elegante estuche de cuero con elegante y elegante batería.	1
Gran producto, envío rápido !.	1
Absolutamente genial.	1
El teclado es un buen compromiso entre un QWERTY completo y el teclado del número de teléfono celular básico.	1
Tengo este teléfono a finales de mayo y estoy completamente descontento con él.	0
Es muy cómodo en la oreja.	1
Ha sido un ganador para nosotros.	1
) La instalación no podría haber sido más simple.	1
He probado varios auriculares diferentes para mi teléfono celular y este Jabra uno es el primero que encontré que se adapta a mi oído cómodamente.	1
No se pudo obtener una señal suficientemente fuerte.	0
Estoy muy satisfecho con mi compra.	1
Mala calidad.	0
Hace el trabajo hecho	1
Gran audio !.	1
Básicamente el servicio fue muy malo.	0
no funcionó en el enchufe de mi teléfono celular, estoy muy preparado con el cargador !.	0
Solo he tenido mi bluetooth durante unas semanas, pero realmente me gusta.	1
El auricular BT fue una decepción.	0
Es tan pequeño y ni siquiera te das cuenta de que está ahí después de un tiempo de acostumbrarse.	1
El software acompañado es casi brillante.	1
Auricular funciona muy bien y fue empaquetado muy bien para evitar cualquier daño.	1
¡Definitivamente lo recomiendo!	1
Comprador - ¡Ten mucho cuidado!	0
La mayoría de los auriculares ergonómicos de Logitech fallaron.	0
Muy buenas cosas por el precio.	1
Mis audífonos funcionan muy bien.	1
En mi casa me estaban dejando la cobertura arriba y no tenía cobertura en mi sótano.	0
¡El reconocimiento de voz es tremendo!	1
Que desperdicio.	0
Durante varias llamadas de 2 minutos diferentes, experimenté 5 caídas y estaba en un área que tenía 5 barras.	0
No estaba contento con este artículo.	0
muy decepcionado.	0
El teléfono lleva FOREVER para cargar de 2 a 5 horas literalmente.	0
Recibí este teléfono por recomendación de un familiar y me alegro de haberlo hecho.	1
¡Que perdida de tiempo!	0
Su recepción es muy, muy pobre.	0
Los artículos indicados como incluidos en la descripción NO ESTÁN INCLUIDOS.	0
Después de 3 meses, la pantalla se volvió negra de repente.	0
Me esperaba más.	0
La calidad de audio es pobre, muy pobre.	0
¡No tuve ningún problema con este auricular que se enlaza con mi Blackberry Curve 8530!	1
Sé que suena gracioso, pero a mí me pareció una tecnología esquemática que no funcionaría bien. Bueno, esta funciona muy bien.	1
He comprado auriculares con cable de $ 5 que suenan mejor que estos.	0
Este teléfono es muy rápido con el envío de cualquier tipo de mensajes y la navegación web es significativamente más rápida que los teléfonos anteriores que he usado.	1
Buena calidad de construcción, a diferencia de algunos s *** baratos por ahí.	1
¡Este artículo es fantástico y funciona perfectamente!	1
Y me encantan los colores!	1
W810i es simplemente excelente.	1
Todo lo que puedo hacer es llorar en Internet, así que aquí va. Cuanto más uso lo que menos me gusta.	0
Gran cargador.	1
Esta es esencialmente una herramienta de comunicación que no se comunica.	0
"Funciona de maravilla	 Funciona igual que la que tengo con el teléfono."	1
Todavía sostengo que los monos no deberían hacer auriculares, obviamente no compartimos suficiente ADN para copiar el diseño a los humanos.	0
Gran valor.	1
No funciona en absoluto ... Lo preparé para mi L7c y no está funcionando.	0
El aspecto es muy nítido y la pantalla es agradable y clara, con excelentes gráficos.	1
no dura mucho tiempo	0
Una cosa que odio es el botón de ajuste de modo en el lado.	0
¡¡¡¡¡¡¡¡EXCELENTE SERVICIO!!!!!!!!.	1
Gracias por malgastar mi dinero.	0
¿Cómo puede ser eso? La calidad de audio es pobre.	0
Los cargadores y las puntas de iGo son realmente geniales.	1
El explorador de archivos ofrece todas las opciones que uno necesita. Handfree es genial.	1
Excelente teléfono en una gran red.	1
Conecté el bluetooth de mi esposa (Motorola HS850) a mi teléfono y funcionó de maravilla ya sea que el teléfono estuviera en mi bolsillo o en el estuche.	1
Puse el último sistema operativo en él (v1.15g), y ahora le gusta reducir la velocidad de rastreo y bloquearse de vez en cuando.	0
Solo reconoce el teléfono como su dispositivo de almacenamiento.	0
Si te gusta un zumbido fuerte para anular todas tus conversaciones, ¡este teléfono es para ti!	0
No compre este producto.	0
He tenido este auricular bluetoooth por algún tiempo y todavía no me siento cómodo con la forma en que cabe en la oreja.	0
La calidad del sonido es buena y la funcionalidad es impresionante.	1
Tengo este teléfono y es una espina en mi costado, realmente lo aborrezco.	0
Hace poco tuve problemas en los que no podía permanecer conectado durante más de 10 minutos antes de desconectarme.	0
¡Increíble!.	1
¿Defecto de diseño?.	0
Gran teléfono !.	1
Desperdicio de 13 dólares.	0
Pero cuando reviso el correo de voz por la noche, la luz de fondo del teclado se apaga unos segundos en el primer mensaje, y luego me pierdo.	0
El reemplazo murió en unas pocas semanas.	0
Cualquier tono de llamada ... En general, un buen teléfono para comprar ...	1
Últimamente han sido extremadamente amables y serviciales en el teléfono.	1
He tenido problemas con la señal de caída y más.	0
No me impresionó.	0
Ligero, apenas noto que está ahí.	1
Te encantará lo delgado que es.	1
Mala elección.	0
El estuche de cuero no encaja.	0
Teléfono inútil, simplemente sordo.	0
El color es aún más bonito de lo que pensé, y los gráficos son increíblemente nítidos.	1
En general, creo que fue una buena inversión.	1
Hace ruidos de tictac muy extraños antes de que termine la llamada.	0
La mejor electrónica de los transmisores FM disponibles.	1
La batería dura solo unas horas.	0
Gran auricular, muy impresionado - H500.	1
"La cámara mega pixel de ""1.2"", que forma parte de un teléfono, es razonablemente buena7."	1
He tenido esto por casi 2 años y ha funcionado muy bien para mí.	1
Buena transmisión de audio.	1
Lo estamos enviando de vuelta.	0
No me molesté en contactar a la compañía por un producto de pocos dólares, pero aprendí la lección de que no debería haber comprado este formulario en línea de todos modos.	0
Si odias los auriculares, evita este teléfono por todos los medios.	0
¡Gran precio también!	1
El rango es muy bueno, he podido deambular por mi casa con el teléfono en la sala de estar sin problemas de calidad de sonido / recepción.	1
servicio rápido.	1
Yo recomendaría altamente esto.	1
Yo recomendaría esto.	1
"Tampoco me gustó el botón ""on"", parecía que se rompería con el uso."	0
El peor teléfono de todos.	0
Todavía estoy enamorado de este teléfono.	1
Se congela frecuentemente4.	0
Es un poco vergonzoso de usar debido a su apariencia y, sobre todo, es vergonzoso que la compañía tenga un aspecto infantil.	0
Sencillo, ligero y de gran ajuste.	1
En general, esperaba una mejor experiencia de los consumidores de Motorola.	0
Hay un horrible sonido de garrapata en el fondo de todas mis llamadas que nunca antes había experimentado.	0
Estos son ciertamente muy cómodos y la funcionalidad es decente.	1
Por lo general no me gustan las diademas, pero esta es muy ligera y no desordena mi cabello.	1
Estoy un poco decepcionado.	0
He tenido este teléfono por más de un año y te diré que no es tan bueno.	0
Ordené esto para Sony Ericsson W810i, pero creo que solo funcionó una vez (eso es cuando lo usé por primera vez).	0
La batería es completamente inútil para mí.	0
Qué gran pérdida de tiempo.	0
No desperdicies tu dinero en esto.	0
Gran sonido y servicio.	1
Muy satisfecho con este producto hasta ahora.	1
Una de mis compras favoritas.	1
El mejor bluetooth del mercado.	1
Cuero auténtico con buen brillo y comodidad. ¡Te recomiendo este estuche!	1
Estaba muy emocionada de obtener este auricular porque pensé que era realmente lindo.	1
No cometas el mismo error que yo.	0
Gran decepción con la sincronización de calendario.	0
El teléfono era inutilizable y no era nuevo.	0
Peor servicio al cliente nunca.	0
No hay geles adicionales para los oídos, y no hay instrucciones de ningún tipo.	0
Derrota el propósito de un auricular bluetooth.	0
Vale cada centavo.	1
Excelente funda tipo monedero para el teléfono.	1
Bonitos auriculares por el precio y funcionan muy bien!	1
Internet es extremadamente lento.	0
También es muy cómodo de usar, que es probablemente el aspecto más importante sobre el uso de un estuche.	1
Se ajusta como un guante y es fuerte, seguro y duradero.	1
Oh, Dios mío, el mejor teléfono que he tenido.	1
Es muy atractivo y parece ser de buena calidad.	1
Me encantan todas las características y el factor de forma.	1
Este producto tenía un fuerte olor a goma / petróleo que era insoportable después de un tiempo y me hizo devolverlo.	0
Mala calidad y servicio.	0
El cable se ve tan delgado y endeble que da miedo.	0
Gran auricular	1
Excelente herramienta manos libres.	1
Ideal para usar con el estéreo de tu hogar.	1
Buen producto - valor increíble.	1
Solo tuve esto un mes pero ha funcionado perfectamente hasta ahora.	1
Funciona genial.	1
Absolutel basura	0
ESA que uno tampoco funcionó.	0
La duración de la batería es muy buena.	1
Regresó 8 horas después.	0
Es un gran artículo.	1
¡No desperdicies tu dinero !.	0
Me encanta este auricular!	1
No solo drenará su reproductor, sino que también puede freírlo.	0
Funcionó perfectamente!	1
No fiable - me estoy rindiendo.	0
Le di 5 estrellas por la calidad de sonido.	1
Evita este si puedes.	0
El enchufe reversible funciona muy bien.	1
Perdí mi poco dinero con este auricular.	0
Muy buen teléfono.	1
Lo mejor de todo es la característica de rotación, muy útil.	1
Confort para toda la familia.	1
Buen producto, buen vendedor.	1
¡Me encanta este bluetooth!	1
En primer lugar, no lleva bien.	0
Estoy muy impresionado con este auricular de Plantronics.	1
Lo tengo porque era tan pequeño y adorable.	1
Gran teléfono !.	1
No recomendaría comprar este producto.	0
Pedazo de basura.	0
Bisagra mal construida.	0
Este artículo es excelente, lo instalé, dejé que se cargara durante la noche y ha funcionado bien desde entonces sin problemas.	1
Gran teléfono	1
No lo compre	0
Excelente telefono	1
NO COMPRAR ESTE TELÉFONO.	0
El reconocimiento de voz a través del teléfono es excelente.	1
Este es sin duda el mejor teléfono que he tenido.	1
Funciona muy bien, cuando mi gato atacó el teléfono, rasguñó la tira protectora en lugar de destruir la pantalla.	1
Éste funciona y se valoró correctamente.	1
El servicio al cliente fue terrible.	0
La vida de la batería aún no es lo suficientemente larga en el Motorola Razor V3i.	0
Enviándolo de vuelta.	0
Ahora sé que tomé una sabia decisión.	1
Alguien debería haber inventado esto antes.	1
Buen precio.	1
Todo funcionó en el primer intento. El dispositivo fue diseñado de manera inteligente y la construcción se siente bien.	1
Lo recibí rápidamente y funciona muy bien !!	1
Ha estado trabajando muy bien.	1
Como muchas personas se quejaron, el micrófono de este auricular era muy débil.	0
Mi Nokia 2160 de 5 años de Tracfone tiene la carga mucho mejor que esto.	0
No les importa un poco el consumidor.	0
Esta es una buena batería, y llegó aquí muy rápido.	1
Falta el manual de instrucciones.	0
También es lo suficientemente delgado como para caber en la estación de acoplamiento de mi reloj despertador sin quitar el estuche.	1
El teléfono ahora tiene carga como lo hizo cuando era nuevo.	1
La batería es poco fiable, así como la antena de uso de servicio.	0
Es incómodo y la calidad del sonido es bastante pobre en comparación con el teléfono (Razr) o con mis auriculares con cable anteriores (que están conectados a un LG).	0
Hemos recibido muchos elogios al respecto.	1
Definitivamente, esto es algo que debe tener si su estado no permite el uso del teléfono celular mientras conduce.	1
Quiero mi dinero de vuelta.	0
Me encanta este dispositivo.	1
También estoy muy contento con el precio.	1
Pedí este producto primero y no estaba contento con él inmediatamente.	0
El Ngage todavía carece de auriculares.	0
Pude hacer marcación por voz en el coche sin ningún problema.	1
Tengo 2-3 barras en mi teléfono celular cuando estoy en casa, pero no puedes escuchar nada.	0
Buen artículo, bajo precio.	1
Sin embargo, los tonos de llamada no son los mejores, y tampoco lo son los juegos.	0
El enchufe no funcionó muy bien.	0
AMAZON SUCHA.	0
Estafa ---- sobre el envío de la carga.	0
Muy cómodo.	1
La batería funciona bien como reemplazo del original que vino con el teléfono hace más de 2 años.	1
La recepción es excelente!	1
Cabe cómodamente en cualquiera de los dos oídos, el sonido es claro y fuerte, y la carga dura un par de días.	1
muy claro, sonido de calidad y no tiene que meterse con el sonido en su iPod ya que tiene los botones de sonido en el auricular.	1
1. batería de larga duración (no tiene que recargarla tan frecuentemente como algunos de los teléfonos plegables) 2.	0
Obviamente hay un problema con el adhesivo.	0
Muy decepcionante.	0
Era una pieza barata, pero aun así hubiera esperado una mejor calidad.	0
Es prácticamente inútil y no añadió ningún tipo de impulso a mi recepción después de que lo compré.	0
Excelente calidad de sonido.	1
No estaba contento.	0
¡UNA PIEZA DE DESPERDICIOS QUE SE ROMPIÓ DESPUÉS DE ESTAR EN MI TELÉFONO POR 2 DÍAS!	0
Nueva batería funciona muy bien en el teléfono.	1
El peor servicio al cliente.	0
He dejado caer mi teléfono más veces de las que puedo decir, incluso en concreto y mi teléfono sigue siendo excelente (¡toque madera!).	1
La recepción es terrible y estática.	0
Buena calidad de audio.	1
Este pequeño dispositivo ha transformado mi capacidad organizativa y ha hecho mi vida mucho más fácil.	1
Estaba sentado en mi vehículo, con la cuna en mi cinturón, y el auricular perdió la señal.	0
Fueron JERKS en el teléfono.	0
Funciona como un encanto ... Funciona como se anuncia.	1
Cómodo, buen rango, buena duración de la batería.	1
Su cobertura de red en Los Ángeles es horrible.	0
Excelente auricular inalámbrico de arranque.	0
La opción de altavoz es genial, los parachoques con las luces son muy ... atractivos.	0
Lo único que creo que podría mejorar es la fuga de sonido del auricular.	0
En primer lugar, la recepción apesta, nunca he tenido más de 2 bares, nunca.	0
¡El teléfono se pone EXTREMADAMENTE CALIENTE!	0
El micrófono también funciona bien, pero (según la gente a la que he llamado) lo aplica todo.	1
Buen diseño y calidad.	1
Además, si su teléfono se cae, este estuche no lo va a guardar, especialmente cuando se lo deja boca abajo.	0
Es ligero, fácil de usar y tiene una recepción y transmisión muy claras.	1
mal ajuste, demasiado grande.	0
Definitivamente no fue tan bueno como mi S11.	1
dispositivo impresionante	1
Perdida de dinero.	0
Pedí un cable de datos de motorola, obtuve un producto muy bien acabado y funcional.	1
Me encanta este teléfono.	1
Estuve buscando este auricular durante mucho tiempo y ahora que lo tengo no podría estar más feliz.	1
Voy a conducir, y mi auricular comienza a sonar sin ninguna razón.	0
La pantalla es excelente y la cámara es tan buena como la de ese año.	1
La vida de la batería también es genial!	1
El peor teléfono que he tenido ... Sólo lo tuve durante unos meses.	0
No es un buen artículo. Funcionó por un tiempo y luego comenzó a tener problemas en mi reproductor de cintas con inversión automática.	0
Esto es tan vergonzoso y también me duelen los oídos si trato de colocar el tapón en mi oído.	0
Protege el teléfono por todos lados.	1
Este es un teléfono MUY promedio con mala duración de batería que funciona en una red débil.	0
Borrar llamadas de Skype, batería de larga duración, largo alcance.	1
La tecnología Soyo apesta.	0
Gran dispositivo manos libres.	1
Incluso puede tomar autorretratos con la pantalla exterior (exterior), muy buena.	1
El mismo problema que otros han mencionado.	0
Después de probar muchos dispositivos de manos libres, este es el que finalmente funciona bien.	1
Ayuda mágica.	1
La peor parte de la mierda junto con el servicio al cliente de Verizon.	0
Mala calidad de sonido.	0
El mejor teléfono del mercado :).	1
Funcionó muy bien.	1
La compañía envió mi producto muy rápidamente y funciona bien.	1
Exactamente lo que yo quería.	1
La resolución de la imagen está muy por debajo de lo que ofrecen otros teléfonos de precio similar en la actualidad.	0
Esta es una gran cosa.	1
Excelente producto, estoy muy satisfecho con la compra.	1
Recomiendo altamente estos y animo a la gente a probarlos.	1
Mejor de lo que esperas.	1
Usando todos los auriculares, izquierdo o derecho, esta cosa no se quedará en mi oído.	0
Gran producto y precio.	1
Suena bien a un precio razonable y efectivo, ¡así de simple!	1
Todavía estoy esperando ... Estoy seguro de que este artículo funcionaría bien ... ¡si alguna vez lo recibiera!	0
que decepcion	0
Servicio muy rápido.	1
Excelente producto por el precio.	1
Muy contento con este auricular.	1
No malgastes tu dinero y tu tiempo.	0
Especialmente me encanta la larga duración de la batería.	1
Es tan estúpido tener que seguir comprando nuevos cargadores, cargadores de automóviles, soportes, auriculares y kits de auto cada vez que sale un nuevo teléfono.	0
Funciona genial.	1
Plantronics Bluetooth Excelent Comprar.	1
Vine de Verizon porque cingulair tiene teléfonos celulares más bonitos ... lo primero que noté fue el mal servicio.	0
Estaré buscando un nuevo auricular.	0
¡Recomiendo altamente este dispositivo a todos!	1
Jawbone Era es impresionante también!	1
Recibimos una batería de color BLANCO que se agotó después de un par de horas. La original solía durar una semana, pero aún dura más que la colocación.	0
Después de un año, la batería se agotó completamente en mis auriculares.	0
He usado varios teléfonos en dos años, pero este es el mejor.	1
Un impresionante nuevo look para el otoño 2000!	1
Este es el primer teléfono que he tenido que ha sido tan barato.	0
Att no es claro, el sonido está muy distorsionado y tienes que gritar cuando hablas.	0
El plástico se rompe realmente fácil en este clip.	0
El precio es bueno también.	1
No cometas el mismo error que yo.	0
Ah, y olvidé mencionar también el extraño efecto de color que tiene en tu teléfono.	0
Lo estoy usando con un iriver SPINN (con estuche) y me queda bien.	1
También el área donde mi unidad se rompió) .- No me gusta mucho la correa magnética.	0
En general, estoy emocionado de tener un teléfono que tenga todas mis citas y contactos y reciba una gran acogida.	1
Todo en el teléfono funciona perfectamente, a ella le gusta.	1
Otra nota sobre la apariencia de este teléfono es que realmente parece bastante insípida, especialmente en el modelo totalmente negro.	0
ES REALMENTE FÁCIL.	1
Mi Sanyo ha sobrevivido a docenas de gotas en el asfalto sin efectos negativos.	1
Auriculares fantásticos.	1
Encuentra mi celular de inmediato cuando entro al auto.	1
Baja calidad.	0
Recomiendo altamente este teléfono celular de precio modesto.	1
Pero tiene mejor recepción y claridad que cualquier otro teléfono que haya tenido antes.	1
Advertencia - Manténgase alejado.	0
Desearía poder devolver la unidad y recuperar mi dinero.	0
Impresionante dispositivo funciona genial !!.	1
Solía ​​hablar sobre eso durante 1 - 1 1/2 horas y la batería se agotaría y se agotaría literalmente.	0
Si no lo encuentra, lástima, ya que nuevamente la unidad viene con un solo auricular. No lo recomendaría a nadie.	0
Muy disgustado.	0
Podría haber contraído un defecto, pero no me arriesgaría a comprarlo nuevamente solo por la calidad construida.	0
Hicieron este caso demasiado pequeño y es muy difícil de instalar.	0
Restauré mi teléfono para que me gustara el nuevo rendimiento.	1
Recomendaría comprar el Jabra JX-10 serie 2 que funciona a la perfección con mi Moto Q, imagínate.	1
Busqué en Internet y encontré que este era el mejor valor.	1
No encaja.	0
Muy feliz con este producto.	1
El tamaño de la pantalla es grande, el teclado está bien iluminado y la calidad de la cámara es excelente para un teléfono con cámara.	1
Realmente no hay nada malo que pueda decir sobre este auricular.	0
Me alegro de haber encontrado este producto en Amazon, es difícil de encontrar, no era caro.	1
Portatil y funciona.	1
Mi colega y yo ahora tenemos una gran acogida. Un poco caro, pero el rendimiento es excelente.	1
Incluso lo cargué por completo antes de irme a la cama y apagar el diente azul y el wi-fi y noté que solo le quedaba un 20% por la mañana.	0
También he tenido problemas con el teléfono que lee la tarjeta de memoria en la que siempre la enciendo y luego la apago de nuevo.	0
No es bueno cuando se usa un sombrero o gafas de sol.	0
Envío oportuno y producto de calidad.	1
Buen teclado sólido.	1
Muy bien hecho y se adapta perfectamente a mi Surefire GX2.	1
Teléfono horrible.	0
Batería BT50 basura.	0
Recomendaríamos estos a otros.	1
No puedo conseguir que el software funcione con mi computadora.	0
¡Decepcionado!.	0
Pobre claridad de voz.	0
La batería funciona muy bien!	1
Ningún comprador se arrepiente de esto!	0
Muy decepcionado en AccessoryOne.	0
Encuentro esto inexcusable y probablemente devolveré este teléfono y tal vez cambiemos de operador.	0
"Se ve genial y es fuerte ""."	1
He tenido el servicio TMobile durante 2 o 3 años y estoy muy contento con él.	1
El procedimiento de actualización es difícil y engorroso.	0
Decepción .. Odio todo lo que va en mi oído.	0
Gran software para motorolas.	1
La entrega fue puntual.	1
Muy fácil de usar.	1
Incómodo en el oído, no lo use con LG VX9900 (EnV).	0
El interruptor de volumen salió disparado de la unidad a un destino desconocido.	0
Mantiene un cargo durante mucho tiempo, es razonablemente cómodo en condiciones de larga duración y la calidad del sonido es tremenda.	1
Me gustaría devolverlo.	0
El teclado realmente vale la pena por su utilidad y es lo suficientemente resistente. No espero ningún problema.	1
Las facturas de Verizon, sin embargo, son difíciles de entender a pesar de que sus planes de precios son simples.	0
Después de cargar durante la noche, estas baterías funcionan muy bien.	1
¡No te arrepentirás!	1
Me encanta este teléfono !.	1
Una decepción.	0
No es fácil de usar.	0
Desafortunadamente, la capacidad de saber realmente que está recibiendo una llamada es una característica bastante importante y este teléfono es lamentable a este respecto.	0
Luego cambié por el mismo teléfono, incluso eso tuvo el mismo problema.	0
Esto hace que el teléfono se atasque en el volumen máximo o en silencio.	0
Este PDA es genial.	1
Está súper cargado para usarlo como un pequeño ordenador portátil / cámara / teléfono móvil híbrido, y sobresale en esos roles.	1
Definitivamente recomendaría el Jabra BT250v para aquellos que buscan comodidad, claridad y un excelente precio.	1
Tuve Verizon hace 2 años y realmente me gustó su servicio.	1
Bonita pieza de chatarra.	0
El enchufe era del tamaño incorrecto.	0
Funciona como se describe.	1
Ahorre su dinero ... He tenido este artículo durante 11 meses ahora.	0
Mala compra	0
BIEN IM SATISFECHO.	1
La cancelación de ruido es sorprendente, lo cual es muy importante para un viajero de Nueva York.	1
Esta batería es una excelente ganga!	1
Mierda defectuosa.	0
No hubiera dado ninguna estrella si hubiera podido.	0
Llevo gafas y me queda bien con ellas.	1
La calidad de sonido del dispositivo es inaceptable. A menos que se encuentre en una zona realmente tranquila, casi no se oye nada.	0
No recomendaría este artículo a nadie.	0
La funda que llegó no coincide con la foto del anuncio.	0
Genial ... no hay problema en absoluto !.	1
Como se señaló en una revisión anterior, conecte este cargador y no pasa nada.	0
Este encanto de teléfono de rana es adorable y muy llamativo.	1
Nunca se sabe si lo presionó lo suficiente o el número correcto de veces para la función que desea o no.	0
El sonido es claro y las personas con las que hablo también están asombradas por la calidad.	1
Conseguí la funda de aluminio para mi nuevo Palm VX y funcionó muy bien, hasta ahora ha protegido perfectamente mi computadora de mano.	1
Muy buen producto, bien hecho.	1
Las herramientas del teléfono móvil son una necesidad.	1
Estoy muy impresionado con el trabajo que hizo Motorola en la robustez de este teléfono.	1
Recibí mis pedidos dentro del plazo de envío, todo estaba en buen estado de funcionamiento y, en general, estoy muy emocionado de tener esta fuente.	1
El teléfono es robusto e impermeable.	1
No estoy impresionado con esto y no recomendaría este artículo a nadie.	0
Mi única queja es que el volumen de sonido estándar es un poco bajo incluso cuando se sube a 5 (de 5)	0
¡Gracias de nuevo a Amazon por tener las cosas que necesito a un buen precio!	1
Terminé deslizándolo en el borde de mis pantalones o bolsillos traseros.	1
Tuve que ir a una tienda y compré un nuevo teléfono NOKIA que está funcionando muy bien.	1
¡Funciona genial!.	1
REALMENTE FEO.	0
horrible, tuve que cambiar 3 veces.	0
El escudo de ruido es increible.	1
Ninguna mejora real.	0
Bateria Razr - Buena compra.	1
¡Sigan con el buen trabajo de Amazon!	1
Se niegan a reembolsar o reemplazar.	0
Desafortunadamente, es fácil activarlos accidentalmente con los botones de toque suave si accidentalmente toca el teléfono contra su cara mientras escucha.	0
Así que básicamente tiré mi dinero por la ventana para nada.	0
Gran caso y precio!	1
Todo lo que necesitó fue una gota de aproximadamente 6 pulgadas por encima del mostrador de la cocina y estaba agrietado. No estoy impresionado y no me estoy riendo.	0
El alcance de Bluetooth es bueno: hace unos días dejé mi teléfono en el maletero, recibí una llamada y mantuve la conversación sin ningún problema.	1
Pequeño, elegante, de aspecto impresionante, configuración práctica con amplio espacio de almacenamiento en su lugar.	1
Las orejeras canalizan el sonido directamente a su oído y parecen aumentar el volumen y la claridad del sonido.	1
Ninguno de los nuevos ha funcionado bien.	0
Me alegro de haberlo comprado.	1
He perdido numerosas llamadas por este motivo.	0
Quizás mi teléfono esté defectuoso, pero la gente no puede escucharme cuando uso esto.	0
No compre este producto.	0
Chupado, la mayoría de las cosas no funciona con mi teléfono.	0
Sin cambios, sin burbujas, sin pelar, ni siquiera un rasguño, ¡NADA! No podría estar más feliz con mi nuevo para el Droid.	1
El peor software que se haya usado ... Si pudiera darle a cero estrellas, lo haría.	0
Tratar de hacer una llamada a estos es un ejercicio de frustración.	0
El estuche es una pieza de plástico endeble y no tiene protección frontal ni lateral alguna.	0
Soy dueño de un Jabra Earset y estaba muy contento con él, pero la calidad del sonido, especialmente la saliente, es mejor.	1
Me encanta la cámara, es de muy buena calidad.	1
Gracias por tan gran servicio.	1
Es un paquete total.	1
El vendedor es muy comprensivo y paciente, definitivamente les compraría nuevamente.	1
"Doy Wirefly 1 estrella. Me pondré en contacto con Cingular / AT & T	 E infórmales de esta práctica."	0
¡Está AGRAVANDO!	0
Gran producto por el precio !.	1
Los he comprado para familiares y amigos, y todos disfrutan de su claridad y facilidad de uso.	1
¡Virgin Wireless mola y este pequeño teléfono barato!	1
Nada de eso funciona, simplemente no lo compre.	0
Fangoso, sonido de baja calidad, y la carcasa alrededor del inserto del cable estaba mal pegada y se deslizó.	0
Por favor, no pierdas tu dinero.	0
Con todo, estoy bastante satisfecho con esta compra.	1
Si está buscando un Motorola Headset de buena calidad, siga buscando, no es así.	0
Sin embargo, Plantronincs continúa utilizando el mismo diseño de cargador defectuoso.	0
Resultados decepcionantes.	0
Diseño engorroso.	0
Genial, fue un nuevo paquete, funciona bien, no hay problemas y llegó en menos tiempo de lo que esperaba !!!!	1
Buen producto.	1
¡Es una pieza de mierda!	0
Mi experiencia fue terrible ... Este fue mi cuarto auricular Bluetooth, y aunque fue mucho más cómodo que mi último Jabra (¡¡¡¡¡¡¡¡¡¡¡¡¡¡¡¡¡¡¡¡¡¡¡¡¡¡¡¡	0
Esto soluciona todos los problemas.	1
Infinitamente peor.	0
Estoy muy feliz	1
No he tenido problemas para acceder a Internet, descargar tonos de timbre o realizar cualquiera de las funciones.	1
"Apenas puedo oírlo y constantemente digo ""¿qué?"""	0
La duración de la batería es altamente inaceptable.	0
Esa compañía es una broma.	0
Hace todo lo que la descripción dice que haría.	1
Debido a que esto sucedía en cada llamada, me vi obligado a dejar de usar este auricular.	0
Funciona muy bien con un cargador de automóvil, especialmente si no puede enchufar dos adaptadores al mismo tiempo.	1
El soporte técnico de Verizon me guió a través de algunos procedimientos, ninguno de los cuales funcionó y terminé teniendo que hacer un restablecimiento completo, eliminando todos mis datos.	0
Calidad de voz, intensidad de la señal, llamadas caídas.	0
"Toca más fuerte que cualquier otro altavoz de este tamaño	 el precio es tan bajo que la mayoría pensaría que la calidad es deficiente, sin embargo, no lo es."	1
Mejor de lo esperado.	1
Se siente mal construido, los menús son difíciles de navegar y los botones están tan hundidos que es difícil presionarlos.	0
La batería está aguantando bien.	1
También es difícil de poner. Recomiendo evitar este producto.	0
Solo lo usé dos días, y no siempre fue fácil escuchar con eso.	0
Conseguí el cargador del auto y ni siquiera después de una semana el cargador se rompió ... Fui a enchufarlo y comenzó a fumar.	0
Sprint - servicio al cliente terrible.	0
Conectado a mi teléfono sin esfuerzo.	1
¡Son tan geniales!	1
Fácil de usar.	1
Mejor que nuevo.	1
Lo que me poseía para conseguir esta basura, no tengo idea ...	0
Pedazo de basura.	0
Un producto bastante bueno.	1
¡Este es un gran teléfono!.	1
Por el precio en Amazon, es un producto excelente, que recomiendo altamente.	1
Su división de Investigación y Desarrollo obviamente sabe lo que están haciendo.	1
El verdadero asesino es el volumen, y por supuesto se está rompiendo.	0
Esos teléfonos están funcionando bien ahora.	1
Estoy más que feliz con este producto.	1
Construcción pobre.	0
Esto es exasperante.	0
En general, recomendaría este teléfono sobre el nuevo Walkman.	1
Sprint cobra por este servicio.	0
Es barato, y se siente y se ve igual de barato.	0
Se ajusta bien a mi oreja y es cómodo.	1
No funciona en Europa o Asia.	0
el hecho de recortar esto en tu cinturón definitivamente te hará sentir como si estuvieses subiendo y bajando 50 centavos.	1
Me gusta el diseño y el aspecto de Jabra entre los auriculares y el 5020 es bastante cómodo de usar las 24 horas del día sin dolor en el oído.	1
Me sorprendió la rápida llegada de las dos baterías de teléfonos celulares LG originales y por una fracción del precio.	1
el peor teléfono de Samsung ... mierda ... este horrible Samsung E715 ... es el peor que he visto nunca.	0
el cargador funcionó durante aproximadamente una semana y luego dejó de cargar completamente mi teléfono.	0
Producto pobre.	0
Sin embargo necesitaba unas mejores instrucciones.	0
Necesita dos manos para operar la pantalla. Esta interfaz de software tiene una década de antigüedad y no puede competir con los nuevos diseños de software.	0
Funcionó muy bien emparejado con un Treo 700w y como un auricular de Skype en mi PC (usando un transceptor Bluetooth USB).	1
Manténgase alejado de este producto y vaya con los bolígrafos originales de reemplazo de Palm, que vienen en un paquete de tres.	0
NO COMPRAR NO COMPRAR SUCKS	0
Este es un gran producto ... seguro que late usando tus dedos !.	1
Además, en serio, no creo que valga la pena por su alto precio.	0
Todos los otros casos que he intentado normalmente se desintegran después de unos pocos meses, pero este parece estar en el largo plazo.	1
Muy decepcionante rendimiento.	0
No cometa el mismo error que yo y, por favor, no compre este teléfono.	0
Este teléfono bien podría ser el peor que he tenido en cualquier marca.	0
El estuche era más o menos un extra que puse originalmente pero luego lo descarté porque me rasguñó la oreja.	0
Recomiendo iGo a cualquier persona con teléfonos celulares / reproductores de mp3 de diferentes marcas en la familia.	1
No te molestes - ve a la tienda.	0
Publiqué comentarios más detallados debajo del teléfono gris o negro, ¡pero tengo el Fire Red y es un gran color!	1
No tuve ningún problema con este artículo y lo pediría de nuevo si fuera necesario.	1
Usted obtiene lo que paga, supongo.	0
No solo el software hizo un gran trabajo, sino que también pude hacer mis propios tonos de llamada de mis CD existentes sin conexión a Internet.	1
Estoy sorprendido de que este sea un cargador de coche de buena calidad y no hay muchas críticas al respecto.	1
Estos son fabulosos!	1
Sin embargo, los auriculares BT actualmente no son buenos para los juegos en tiempo real como los juegos de disparos en primera persona ya que el retraso del audio me confunde.	0
Utilicé bitpim (un programa gratuito que puede encontrar en Internet) para transferir datos al teléfono. El precio del cable fue excelente.	1
Decepcionante accesorio de un buen fabricante.	0
Realizado de forma horrible: sonido entrecortado, débil y eco grave para quienes se encuentran en el otro extremo de la llamada.	0
Muy resistente al viento.	1
Obviamente tienen un servicio al cliente terrible, así que obtienes lo que pagas.	0
No duran para siempre, pero su reemplazo no es demasiado costoso. Es fácil de operar y el sonido es mucho mejor que otros que he probado.	1
Me puse en contacto con la empresa y me dijeron que, aunque la unidad aún estaba en garantía, si no podía presentar el recibo no tenía suerte.	0
¡Linksys debería tener alguna forma de cambiar un teléfono defectuoso por una unidad de renovación o algo así!	0
El teléfono es robusto como todos los teléfonos de la barra de Nokia.	1
Gran telefono	1
Cuando coloqué mi treo en el estuche, no solo no estaba ajustado, sino que había MUCHO espacio adicional en los costados.	0
Estoy complacido.	1
La batería es terrible.	0
Encontré el producto fácil de configurar y usar.	1
El auricular de esto es demasiado grande o demasiado pesado ... sigue cayendo de mi oído.	0
Mierda completa. La calidad del sonido es TERRIBLE.	0
El cargador llegó dentro del plazo prometido, pero no funcionó.	0
No se necesita un auricular, es pequeño y el sonido es genial.	1
Finalmente, después de tres o cuatro veces, el resorte del pestillo se rompió y ya no pude usarlo más en la visera.	0
La parte de manos libres funciona bien, pero luego el auto intenta descargar la libreta de direcciones y el Treo se reinicia. En general, sigo calificando a este dispositivo como alto.	1
Hable acerca de servicio al cliente sin uso.	0
"Se sentía demasiado ligero y ""diminuto""."	0
Esto no se ajusta al Palm Tungsten E2 y se rompió la primera vez que intenté conectarlo.	0
Estoy feliz por esta compra, buena calidad y bajo precio.	1
Me encanta la apariencia de los teléfonos móviles Samsung.	1
Está bien diseñado y es muy fuerte. El azul es un color muy agradable.	1
Hace todo lo que debería y más.	1
No podría recomendar estos más.	0
Buen Sonido.	1
Se ve bien en la foto, pero este caso fue una gran decepción!	0
Mucho menos que la mandíbula con la que iba a reemplazarlo.	1
La instalación fue muy fácil.	1
Es extremadamente lento y tarda una eternidad en hacer algo con él.	0
"Un estudio obligatorio para cualquier persona interesada en los ""peores pecados"" del diseño industrial."	0
Lo primero que sucedió fue que el seguimiento estaba desactivado.	0
Está bien hecho, es fácil de acceder al teléfono y tiene un clip de cinturón práctico y desmontable.	1
Luego tuve que seguir emparejándolo periódicamente ya que de alguna manera seguía cayendo.	0
No se pueden cargar tonos de llamada de un tercero.	0
Bluetooth no funciona, el teléfono se bloquea, las pantallas simplemente parpadean y ahora solo hace llamadas al azar mientras estoy en mi bolsillo bloqueado.	0
Realmente horrible.	0
Funciona bien en mi teléfono celular Motorola 325, y mucho mejor que la batería gastada.	1
El volumen del timbre es REAL realmente bueno (tiene opciones con qué volumen).	1
Y ninguno de los tonos es aceptable.	0
el balance de color de la cámara es horrible.	0
Claramente, este producto no está listo para el horario de máxima audiencia, no me importa lo bien que se vea, si no puedes decir que una llamada está llegando, no vale la pena.	0
Me encantan los tonos de llamada porque son muy optimistas!	1
Abundan las falsificaciones chinas !.	0
Fácil de emparejar con mi celular Samsung.	1
Las instrucciones no explicaban que se pudiera usar un conector de micrófono.	0
Yo recomendaría no comprar este artículo nunca funcionó muy bien.	0
¡Qué pena que tengas que pagar hasta $$$ por mes por el servicio!	0
Funciona bien.	1
El cable USB nokia CA-42 no funcionó con mi teléfono.	0
Sonido claro y nítido.	1
Tengo que usar los auriculares más pequeños provistos, pero se mantiene bastante bien.	1
La queja más grande que tengo es que la batería se agota súper rápido.	0
El diseño podría ser ergonómico en teoría, pero no podría soportar tener esto en mi oído.	0
NO compre si quiere usar la funda.	0
El teléfono también puede tomar excelentes fotos e incluso videos.	1
No te hace ver bien.	0
Debido a que ambos oídos están ocupados, el fondo no distrae en absoluto.	1
Ajuste cómodo: necesita que sus auriculares estén cómodos durante al menos una hora a la vez, si no durante todo el día.	1
Además, el teléfono no parece aceptar nada, excepto los mp3 CBR, preferiblemente grabados por Windows Media Player.	0
No se puede superar el precio de estos.	1
* Viene con una luz fuerte que puedes usar para iluminar las tomas de tu cámara e incluso emitir señales SOS (¡en serio!	1
Ligero y funciona bien.	1
Así que ten cuidado.	0
Me encanta este cable: me permite conectar cualquier dispositivo mini-USB a mi PC.	1
Así que cualquier persona cerca de ti escuchará parte de tu conversación.	0
Esto es genial porque la mayoría de los casos se abren allí permitiendo que la pantalla se raye.	1
Compré este teléfono como reemplazo de mi StarTac y lo he lamentado desde entonces.	0
Parece que en realidad supera a la batería original de China que venía con mi V325i.	1
No se puede almacenar nada excepto números de teléfono a SIM.	0
Dura menos de 30 minutos, si realmente trato de usar el teléfono. Mi esposa tiene el mismo teléfono con el mismo problema.	0
Mala calidad.	0
"Jabra geles para la oreja ""R"" los mejores !."	1
No vale la pena.	0
El teléfono se estrelló por completo y ahora tengo que reemplazarlo.	0
Dejó de funcionar después de haberlo usado durante aproximadamente 18 meses, así que compré otro porque es el mejor auricular que he tenido.	1
Desafortunadamente, no recargará mi iPhone 4s, a pesar de conectarlo desde múltiples fuentes de alimentación (iMac, batería externa, toma de pared, etc.).	0
Fue un gran teléfono.	1
Si simplemente quiere un pequeño teléfono plegable, mire en otro lado, ya que las campanas y silbatos adicionales son mediocres.	0
Buen valor, funciona bien: alimentación a través de USB, automóvil o toma de pared.	1
Mi teléfono no se desliza alrededor de mi auto ahora y el agarre evita que mi teléfono se deslice de mi mano.	1
¡Este es simplemente el MEJOR auricular bluetooth para calidad de sonido!	1
¡Piénsalo cuando planeas tener este! ¡Este es el último teléfono MOTO para mí!	0
"En el lapso de una hora, dos personas exclamaron: ""¿Quién es el nuevo teléfono en la TV?"	1
Siempre he usado auriculares con cable y la libertad de la conexión inalámbrica es muy útil.	1
Este caso ha pasado la marca de un año y, si bien muestra signos de desgaste, es 100% funcional.	1
"Aparte de eso, el cuero es bonito y suave	 el ajuste es muy apretado	 El corte para la cara es una buena forma."	1
Tiene todo lo que necesito y no podría pedir más.	1
Después de recibir y usar el producto por solo 2 días se rompió.	0
Este producto es genial ... hace que el trabajo sea mucho más fácil, puedo ir a la copiadora mientras estoy esperando algo.	1
Ninguno de los tres tamaños que enviaron con el auricular quedaría en mis oídos.	0
T-Mobile tiene el mejor servicio al cliente en cualquier lugar.	1
Llegó rápidamente y mucho menos costoso que otros vendidos.	1
Hemos intentado 2 unidades y ambas fallaron en 2 meses .. Pros	0
Proporciona una buena protección y se ve elegante, también.	1
Krussel siempre bien.	1
El sitio web tracfone es fácil de usar y hace que sea fácil de activar, etc.	1
El diseño es muy bueno.	1
I gran recepción todo el tiempo.	1
Recomendaría altamente este producto.	1
No se pudo usar la unidad con lentes de sol, ¡no es bueno en Texas!	0
No funciona la mayor parte del tiempo con mi Nokia 5320.	0
Comprado principalmente para el cargador, que se rompió poco después de la compra.	0
Si te gusta un zumbido fuerte para anular todas tus conversaciones, ¡este teléfono es para ti!	0
Fantástica compra y obtendrás otra vez por lo que sea mi próximo teléfono	1
Manténgase alejado de esta tienda, tenga cuidado.	0
Este altavoz de manos libres para teléfono BlueAnt Supertooth es IMPRESIONANTE.	1
No encaja.	0
.... El artículo llegó rápidamente y funciona muy bien con mi teléfono slider Metro SCH Samsung-r450 de Metro PCS y Sony Premium Sound en tapones para los oídos.	1
Es liviano, tiene una gran capacidad de batería y es muy cómodo de usar durante períodos de tiempo un tanto prolongados.	1
decepcionante.	0
Blue Ant es fácil de usar.	1
Barato, pero bueno, funcionó ... Me sorprendió gratamente dado el bajo costo de este artículo.	1
La cámara del teléfono se puede usar como recogedor cuando está en interiores ... Prefiero usar un desechable en lugar de esto.	0
Luego, unos días después, una bocanada de humo salió del teléfono mientras estaba en uso.	0
Es muy conveniente y fácil de usar: hace el trabajo y hace que el viaje en auto sea mucho más suave.	1
El nano lo dijo. Mi hijo estaba decepcionado.	0
La calidad del sonido es excelente también.	1
Es el mejor auricular que he usado.	1
No lo recomendaría.	0
Han existido durante años y tienen la más alta calidad de protector de pantalla antirreflejos que he encontrado hasta la fecha.	1
Justo lo que quería.	1
Este modelo en particular no funcionaría con mi teléfono inteligente Motorola Q.	0
no funcionará bien o al menos para mí.	0
"además se siente & amp	 Parece que el teléfono es todo plástico liviano y barato."	0
"Pero ahora que está ""fuera de garantía"", vuelven a ocurrir los mismos problemas. Línea de fondo ... ponga su dinero en otro lugar ... Cingular no lo admitirá."	0
Realmente quería que el Plantronics 510 fuera el correcto, pero tiene demasiados problemas para mí. Lo bueno	0
Buen producto.	1
Nítido y claro.	1
Después de la primera carga siguió muriendo después de 12 minutos.	0
Plástico MUY barato, cruje como un viejo suelo de madera.	0
Recibo una recepción absolutamente horrible en mi apartamento, donde con otros teléfonos no he tenido este problema.	0
La recepción ha sido en general buena.	1
Excelente sonido, duración de la batería y discreto para arrancar !.	1
¡Gran bluetooth !.	1
Recomiendo encarecidamente este caso.	1
VALE LA PENA.	1
Esta es una gran cosa.	1
Después de que mi teléfono tenía alrededor de un año, se estaba rompiendo lentamente a pesar de mucho cuidado por mi parte.	0
Lamento haber hecho esta compra.	0
Los compré con la esperanza de poder ajustar mejor mis auriculares Bluetooth, pero estas cosas me hacían imposible de usar.	0
Treo y T-Mobile se negaron a reemplazarlo nuevamente y me obligaron a comprar otro teléfono sin ningún tipo de descuento por actualización.	0
¡Fue horrible!.	0
No creo que lo sostuviera demasiado seguro en tu cinturón.	0
Esto permite la posibilidad de doble reserva para la misma fecha y hora después de la primera.	0
Trabajan unas 2 semanas y luego se rompen.	0
Es fácil de usar y me gusta.	1
Es una gran herramienta para el entretenimiento, la comunicación y la administración de datos. ¡Oh, asegúrese de usar ActiveSync 4.2 para obtener resultados óptimos de sincronización de datos!	1
No puedo usar este caso porque el olor es desagradable.	0
NO LO QUE QUERÍA.	0
Tengo 2 de estos casos y pediría otro.	1
Gran teléfono	1
Compré esta batería con un cupón de Amazon y estoy muy feliz con mi compra.	1
El acceso a internet estaba bien, es el caso raro que funcionó.	0
Perfecto para la PS3.	1
Plus de cinco estrellas, más.	1
Una ganga de buena calidad. Compré esto después de que compré un cheapy de Big Lots que sonaba horrible y la gente en el otro extremo no podía escucharme.	1
$ 50 por el desagüe.	0
Intenté hablar muy fuerte, pero gritar en el teléfono envejece y aún me dijeron que no era genial.	0
Bien, funciona bien.	1
Por el precio esto fue una gran oferta.	1
¡Gran precio, también!	1
Si hay viento, es completamente inútil.	0
Sí, es brillante en la parte frontal, ¡y me encanta!	1
No funciona.	0
Al principio pensé que estaba haciendo un buen negocio a $ 7.44, hasta que lo conecté a mi teléfono (V3c Razr).	0
La recepción a través de este auricular es excelente.	1
2 pulgares arriba a este vendedor	1
Tengo un teléfono Verizon LG y funcionan bien juntos, buena recepción y alcance que supera los 20 pies de la línea de visión.	1
Descripción inadecuada .... Tuve que devolverla.	0
# 1 Funciona - # 2 Es cómodo.	1
La vida de carga de la batería es bastante larga.	1
Los Jabra EarGels se adaptan muy bien a mis oídos.	1
La batería no tiene vida.	0
Lo comprobé en todas partes y no hay ninguna característica que sea realmente decepcionante.	0
El producto es exactamente como se describe.	1
Obtiene una señal cuando otros teléfonos de Verizon no lo harán.	1
No hace el trabajo	0
Yo lo recomendaría.	1
Planea ordenar de ellos una y otra vez.	1
"Dicho esto, para un teléfono, la cámara es muy agradable	 muchos efectos geniales para jugar, y el video es decente también."	1
Estoy muy satisfecho con este teléfono celular desde el primer día.	1
Siguen mejorando y mejorando (esta es mi tercera y también he tenido numerosas Palms).	1
Incómodo de usar y poco fiable.	0
El tiempo de envío también fue muy rápido!	1
No tan bueno como esperaba.	0
Buen caso !.	1
No funciona	0
Muy buen producto.	1
Desafortunadamente, no funcionó.	0
Los tres se rompieron dentro de los dos meses de uso.	0
no lo compre	0
Mi padre tiene el V265, y la batería se está muriendo.	0
Sin embargo, las almohadillas se desprenden fácilmente y después de solo una semana perdí una.	0
Las llamadas se caen, el teléfono se enciende y se apaga a voluntad, la pantalla se pone en negro y, lo peor de todo, deja de sonar de forma intermitente.	0
Horrible, horrible protector.	0
Tampoco me gusta este Nokia.	0
Llegar a la fila inferior es incómodo, y las teclas de envío y finalización no están donde espero que estén.	0
Compré este teléfono celular Nokia hace unas semanas y fue una pesadilla.	0
Tomaría mucho tiempo describir lo mala que ha sido mi experiencia de servicio al cliente con Amazon.	0
la única cosa MUY decepcionante fue que NO HABÍA ALTAVOZ !!!!	0
Terrible .. Mi coche no aceptará este cassette.	0
El producto es inútil, ya que no tiene suficiente corriente de carga para cargar los 2 teléfonos celulares con los que planeaba usarlo.	0
No es lo que dice que es.	0
Manténgase alejado de la Q !.	0
Usado y sucio.	0
Servicio muy poco fiable de T-mobile!	0
No es lo suficientemente bueno para el precio.	0
Compré dos de ellos y ninguno cobrará.	0
Se ve muy bien.	1
Esta es una excelente herramienta, especialmente cuando se combina con la respuesta automática de su teléfono.	1
He leído las reseñas de otros aquí pero no he tenido ningún problema con eso.	1
Estos productos cubren el importante sensor de luz sobre la salida de la oreja.	0
Cómodo en mi mano.	1
Simplemente no funciona.	0
Fiabilidad pobre.	0
(¡Funciona!)	1
Si tomo una foto, la batería deja caer una barra y comienza a sonar, avisándome que está muerta.	0
Producto terrible, y desperdicio de dinero!	0
La última vez comprando de ti.	0
Fue un desperdicio de mi dinero.	0
Hasta ahora ha funcionado como un encanto.	1
Solo lo he tenido durante unas semanas, pero hasta ahora, todo bien.	1
Pero, en cualquier caso, lo mejor es que puede descargar estas imágenes a su computadora portátil mediante IR, o incluso enviarlas desde su computadora portátil al teléfono.	1
Recomendaría este artículo.	1
"Ha sido mi auricular de elección durante años. Gran sonido	 buen volumen Buena cancelación de ruido."	1
Buen caso, se siente bien en tus manos.	1
El artículo recibido fue falsificado.	0
Realmente muy bien ... Hasta ahora, probablemente el mejor auricular BT que he tenido.	1
Funciona bien.	1
Recibí mis auriculares a tiempo y me alegré.	1
Me complació mucho ver que podía reemplazar mi funda giratoria de mi Blackberry.	1
Mi hermana también tiene uno y le encanta.	1
Buena calidad.	1
Esta es, con mucho, la peor compra que he hecho en Amazon.	0
Excelente auricular de doble uso.	1
¡Excelente!.	1
No funciona para escuchar música con el cingular 8125.	0
Parece completamente seguro, tanto sujetando mi cinturón como manteniendo el iPhone dentro.	1
La línea Bottowm ... otro truco barato y sin valor de Sprint.	0
Tener problemas con el volumen.	0
Lo único bueno es que cabe cómodamente en orejas pequeñas.	1
ADVERTENCIA - NO COMPRAR !!.	0
Estoy emparejando esto con mi iPhone, y no podría estar más feliz con él hasta ahora.	1
Cuando se abre, la conexión de la batería se interrumpe y el dispositivo se apaga.	0
No quería que el clip pasara por encima de mi oreja, causando incomodidad.	0
Los mejores auriculares nunca !!!.	1
No confíe en su sitio web y no espere ningún apoyo útil.	0
Fue tan fuerte. Me alegra decir que Plantronics 510 mantiene una conexión perfecta con mi celular y no estática durante el uso normal.	1
El altavoz es de baja calidad, por lo que los tonos de llamada suenan muy baratos.	0
Se adapta cómodamente, viene con tres tamaños de puntas de auriculares.	1
Excelente producto por el precio.	1
Mala recepción.	0
Este producto es muy alta calidad chino MIERDA !!!!!!	0
Era bastante cómodo en el oído.	1
Gran telefono	1
No compres este producto - ¡Falla !.	0
Todo sobre este producto es incorrecto. Primero	0
El emparejamiento de los dos dispositivos fue tan fácil que apenas tomó un par de minutos antes de comenzar a hacer llamadas con la función de marcación por voz.	1
Esto fue completamente confuso al principio, lo que me hizo perder un par de contactos muy, muy importantes.	0
Terrible titular del teléfono.	0
Los recortes y botones se colocan perfectamente.	1
Me encanta poder usar un auricular tanto por línea terrestre como por celular.	1
El problema es que los bucles están hechos de material débil y se rompen fácilmente.	0
No es tan guapo como la imagen de AMAZON lo hace ver.	0
Pero a pesar de estos pocos defectos, este caso es de una calidad excepcional y bien vale la pena los costos adicionales de poseer un producto OEM oficial.	1
¿Qué tan estúpido es eso?	0
Puedo escuchar mientras estoy conduciendo en el auto, y por lo general ni siquiera tengo que ponerlo en el nivel más alto.	1
Vendedor enviado rápidamente y mucho más barato que los competidores.	1
Buen espectáculo, Samsung.	1
Así que compré unos 10 de estos y ahorré mucho dinero.	1
Siempre se apaga y emite un pitido pitido pitido luego dice que la señal falló.	0
No pude entenderlo	0
Mi teléfono sonaba bien (no muy bien, está bien), pero el teléfono de mi esposa era casi totalmente ininteligible, no podía entender ni una palabra al respecto.	0
Así que tuve que sacar la batería del teléfono para volver a armarla y luego reiniciarla.	0
Mientras logré doblar el resorte de la hoja en su lugar, el metal ahora tiene suficiente tensión que se romperá en la próxima gota.	0
Estampado de leopardo es maravillosamente salvaje !.	1
Funciona para mi.	1
Saggy, disquete pieza de chatarra.	0
Mucho mejor que las cajas de plástico duro.	1
También tenía un nuevo problema.	0
Feliz hasta ahora !.	1
buen teléfono	1
Funciona bien	1
Motorola finalmente consiguió la calidad de voz de un auricular bluetooth correcto.	1
Pierde la conexión con el teléfono incluso cuando está a un par de pies entre los dos.	0
Pero es genial, realmente lo recomendaría.	1
Hace que sea más fácil mantenerse al día con mi bluetooth cuando no lo estoy usando.	0
Como he dicho anteriormente ... ¡BONITO DE UTILIDAD!	0
Nunca lo conseguí !!!!!	0
Este par de auriculares es lo peor que he tenido en cuanto a sonido.	0
[...] por el desagüe debido a un chasquido débil!	0
No carga el teléfono Cingular (ATT) 8525.	0
"Obtiene minutos adicionales para que pueda realizar la llamada y no cortarse ""."	1
Sin embargo, después de aproximadamente un año, la tapa de la plataforma comenzó a aflojarse y tambalearse y, finalmente, mi pantalla se volvió negra y no pude recibir ni hacer llamadas.	0
Seguí atrapando el cable en el asiento y tuve que sacar el teléfono para apagarlo.	0
El auricular cumple mis requisitos, por lo que estoy satisfecho con mi compra.	1
Logitech Bluetooth Headset es un 10 !.	1
Me gusta el hecho de que descanse ligeramente contra tu oído, en lugar de dentro.	1
Muchos sitios web han calificado a este como un muy buen teléfono y yo también.	1
He probado estos cables con mi computadora y mi iPod y funciona bien.	1
El micrófono allí es una broma, y ​​el volumen es bastante bajo.	0
Los estoy devolviendo.	0
No mantengo una conexión con la computadora mientras está en mi regazo.	0
Es fácil de encender y apagar cuando está en el automóvil y los controles de volumen son bastante accesibles.	1
He tenido la mía durante aproximadamente un año y estas navidades compré algunas para el resto de la familia.	1
De lo contrario, fácil de instalar y utilizar, sonido claro.	1
bonito cuero	1
Tuve que comprar un estuche diferente.	0
Es una alegría de usar.	1
Muy decepcionado con esta empresa.	0
Muy satisfecho con eso.	1
No me cobró por mí.	0
Este es el teléfono para 2005 ... ¡Acabo de comprar mi S710a y todo lo que puedo decir es WOW!	1
Los botones son demasiado pequeños.	0
Sólo con leer las especificaciones solo te hace decir WOW.	1
Me encanta .. Gran brazalete.	1
Realmente me gusta este producto sobre el Motorola porque es más claro en el auricular y el micrófono.	1
Sin embargo, los teclados son tan pequeños que a veces llego a los botones equivocados.	0
Cambié el sony ericson z500a por esto y estoy muy contento con esa decisión.	1
Quedé muy impresionado con el precio de los casos.	1
También hace que sea más fácil aferrarse a.	1
Uso este producto en un centro de control de motores en el que hay una gran cantidad de zumbidos de alto voltaje del equipo, ¡y funciona muy bien!	1
Es bastante facil	1
No puedo hacer llamadas en ciertos lugares.	0
sin embargo, mi chica se quejó de que alguna vez el teléfono no se despierta como lo hace el teléfono normal.	0
Aunque un estilo hermoso.	1
Esta compañía me cobró una tarifa de reposición y aún no me devolvió mi reembolso.	0
Estoy tratando de devolverlo para un reembolso.	0
Lo conecté solo para descubrir que ninguna cosa funcionaba.	0
Producto excelente.	1
La pieza del auricular se rompe fácilmente.	0
Producto malísimo.	0
Este teléfono se esfuerza mucho por hacer todo, pero falla en su capacidad de ser un teléfono.	0
Es el mejor cargador que he visto en el mercado hasta ahora.	1
¡EL TELÉFONO MÁS DULCE!	1
:-) Oh, el cargador parece funcionar bien.	1
Se ajusta de manera tan segura que el gancho para la oreja ni siquiera necesita ser usado y el sonido se dirige mejor a través del canal auditivo.	1
No hay suficiente volumen.	0
Problema de eco .... muy insatisfactorio	0
solo podías tomar 2 videos a la vez y la calidad era muy mala.	0
no desperdicies tu dinero	0
Voy a tener que ser el primero en revisar negativamente este producto.	0
El adaptador no proporciona suficiente corriente de carga.	0
Había tanto entusiasmo por este teléfono que asumí que era el mejor, mi error.	0
Tampoco puede tomar fotografías con él en el caso porque la lente está cubierta.	0
El teléfono se cae fácilmente.	0
No funcionó, la gente no puede escucharme cuando hablo.	0
La función de mensajes de texto es realmente difícil de usar.	0
Estoy realmente decepcionado, todo lo que tengo ahora es un cargador que no funciona.	0
Doloroso en la oreja.	0
Duró un día y luego explotó.	0
decepcionado.	0
Tipo de fracasos alrededor.	0
La pantalla se mancha fácilmente porque toca la oreja y la cara.	0
Qué pedazo de chatarra ... Pierdo más llamadas en este teléfono.	0
El artículo no coincide con la imagen.	0
Lo único que me decepcionó es el puerto infrarrojo (irda).	0
No se puede contestar llamadas con la unidad, nunca funcionó una sola vez!	0