Una película muy, muy, muy lenta, sin rumbo sobre un joven angustiado y distraído.	0
No estoy seguro de quién estaba más perdido: los personajes planos o el público, casi la mitad de los cuales se fueron.	0
Intentando la astucia con ángulos de cámara en blanco y negro e inteligentes, la película decepcionó, se volvió aún más ridícula, ya que la actuación era deficiente y la trama y las líneas casi inexistentes.	0
Muy poca música ni nada de lo que hablar.	0
La mejor escena de la película fue cuando Gerardo está tratando de encontrar una canción que sigue corriendo por su cabeza.	1
El resto de la película carece de arte, encanto, lo que significa ... Si se trata de vacío, funciona, supongo que está vacío.	0
Desperdiciado dos horas	0
Hoy vi la película y pensé que era un buen esfuerzo, buenos mensajes para los niños.	1
Un poco predecible.	0
Me encantó el casting de Jimmy Buffet como el profesor de ciencias.	1
Y esos búhos bebés eran adorables.	1
La película mostró mucho de lo mejor de Florida, lo hizo parecer muy atractivo.	1
Las canciones eran las mejores y los muppets eran tan hilarantes.	1
Fue tan genial.	1
"Esta es una película muy ""acertada"" que entrega todo casi en su cara."	1
Tenía un promedio de actuación de la persona principal, y era un presupuesto bajo como se puede ver claramente.	0
Esta crítica está muy retrasada, ya que considero que A Tale of Two Sisters es la película más grande jamás realizada.	1
Pondré esta joya contra cualquier película en términos de guión, cinematografía, actuación, postproducción, edición, dirección o cualquier otro aspecto de la realización de películas.	1
"Es prácticamente perfecto en todos ellos, una verdadera obra maestra en un mar de faux ""obras maestras."	1
"""La estructura de esta película es fácilmente la más estrechamente construida en la historia del cine. 1"	1
No se me ocurre ninguna otra película en la que ocurra algo de vital importancia cada dos minutos. 1	1
En otras palabras, el nivel de contenido de esta película es suficiente para llenar fácilmente una docena de otras películas. 1	1
¿Cómo puede alguien en su sano juicio pedir algo más de una película que esto? 1	1
Es simplemente la forma más elevada y superlativa de cine imaginable. 1	1
Sí, esta película requiere una cantidad bastante significativa de resolución de rompecabezas, pero las piezas encajan para crear una imagen hermosa. 1	1
Este cortometraje sin duda no tira golpes. 0	0
Los gráficos están lejos de ser la mejor parte del juego. 0	0
Este es el mejor juego de TH número uno en la serie. 1	1
Se merece un amor fuerte. 1	1
Es un juego de locos. 1	1
Hay niveles masivos, personajes desbloqueables masivos ... es solo un juego masivo. 1	1
Malgastar su dinero en este juego 1	1
Este es el tipo de dinero que se desperdicia adecuadamente. 1	1
En realidad, los gráficos eran buenos en ese momento. 1	1
Hoy los gráficos son una mierda. 0	0
Como dicen en Canadá, este es el juego divertido, sí. 1	1
Este juego es genial. 1	1
Cómpralo, juega, disfrútalo, ámalo. 1	1
Es PURO BRILLANTE. 1	1
Esta fue una película condenada desde su concepción. 0	0
La idea de ello fue aburrida: tome un personaje secundario de una película PG-13 mediocre y realice una no secuela completa mientras cambia su tono a una película familiar con clasificación PG. 0	0
No estaba interesado en lo más mínimo. 0	0
"No solo confirmó que la película sería poco graciosa y genérica, sino que también logró regalar toda la película	 y no estoy exagerando: en cada momento, en cada trama, en cada broma que se cuenta en el trailer. 0"	0
Pero no es gracioso. 0	0
Pero incluso el talentoso Carrell no puede salvar esto. 0	0
A sus compañeros de reparto no les va mucho mejor, con gente como Morgan Freeman, Jonah Hill y Ed Helms simplemente malgastados. 0	0
La historia en sí es sólo predecible y perezosa. 0	0
El único trabajo de efectos real es la presencia de todos los animales, y la integración de estos en las escenas es uno de los peores y más obvios trabajos de pantalla azul / verde que he visto. 0	0
Pero sea lo que sea lo que les costó tanto, no se tradujo en calidad, eso es seguro. 0	0
La película tiene éxito a pesar de, o quizás debido a, un presupuesto obviamente exiguo. 1	1
Me alegro de que la película no haya elegido la opción más obvia, como lo habría hecho una película menor. 1	1
Además de tener una de las canciones más hermosas jamás escritas, French Cancan también cuenta con una de las damas más lindas y guapas de la pantalla. 1	1
Es difícil no enamorarse de esa chica. 1	1
En el lado negativo, es lo suficientemente insípido como para causar arrepentimiento por otras 2 horas de vida desperdiciadas frente a la pantalla. 0	0
Largo, quejumbroso y sin sentido. 0	0
Pero recomiendo esperar por sus esfuerzos futuros, déjalo ir. 0	0
Excelente reparto, trama, actuaciones. 1	1
Totalmente creíble. 1	1
Anne Heche fue absolutamente convincente. 1	1
La representación de Sam Shepard de un gung ho Marine fue aleccionadora. 1	1
Me senté clavado a la pantalla del televisor. 1	1
Con todo, le doy a este un rotundo 9 de cada 10. 1	1
Creo que Tom Hanks es un buen actor. 1	1
Disfruté leyendo este libro a mis hijos cuando eran pequeños. 1	1
Me decepcionó mucho en la película. 0	0
Un personaje es totalmente molesto con una voz que me da la sensación de uñas en una pizarra. 0	0
Hay una escena totalmente innecesaria de tren / montaña rusa.	0
Una película muy, muy, muy lenta, sin rumbo sobre un joven angustiado y distraído.	0
No estoy seguro de quién estaba más perdido: los personajes planos o el público, casi la mitad de los cuales se fueron.	0
Intentando la astucia con ángulos de cámara en blanco y negro e inteligentes, la película decepcionó, se volvió aún más ridícula, ya que la actuación era deficiente y la trama y las líneas casi inexistentes.	0
Muy poca música ni nada de lo que hablar.	0
La mejor escena de la película fue cuando Gerardo está tratando de encontrar una canción que sigue corriendo por su cabeza.	0
El resto de la película carece de arte, encanto, lo que significa ... Si se trata de vacío, funciona, supongo que está vacío.	0
Desperdiciado dos horas	1
Hoy vi la película y pensé que era un buen esfuerzo, buenos mensajes para los niños.	0
Los constructores de suspenso eran buenos, y solo cruzaban la línea de G a PG.	1
"Me gustaron especialmente las elecciones no cliché con los padres	 en otras películas, podía predecir el diálogo de forma literal, pero la escritura en esta película hizo mejores selecciones."	1
Si quieres una película que no sea asquerosa pero que te dé escalofríos, esta es una excelente opción.	1
Alexander Nevsky es una gran película.	1
Es un increíble artista de cine, uno de los más importantes que vivió.	1
Me alegro de que esta pretenciosa pieza de mierda no funcionara según lo planeado por Dodge Stratus Big Shots ... Ayudará a los cineastas que no están en el muy restringido negocio cinematográfico de Quebec.	0
Esto si es la primera película que le he dado un 10 a en años.	1
Si alguna vez hubo una película que necesitó el boca a boca para promocionar, esto es todo.	1
En general, la película es interesante y estimulante.	1
Además, tenía un buen ritmo y se adaptaba a su tiempo de ejecución relativamente corto.	1
Dale un vistazo a este.	1
Le di un 10	1
El viento y el león están bien escritos y actúan magníficamente.	1
Es un verdadero clásico.	1
En realidad, resultó ser bastante decente en lo que respecta a las películas de terror / suspenso de primera categoría.	1
Definitivamente vale la pena echarle un vistazo.	1
El problema era el guión.	0
Fue horrible.	0
No había nada creíble al respecto en absoluto.	0
El único suspenso que sentía era la frustración de cuán retrasadas eran las chicas.	0
MANNA FROM HEAVEN es una excelente película que es predecible e impredecible al mismo tiempo.	1
Las escenas suelen ser divertidas y ocasionalmente conmovedoras a medida que los personajes evalúan sus vidas y hacia dónde se dirigen.	1
El elenco de actores veteranos es más que un simple viaje de nostalgia.	1
La representación de Ursula Burton de la monja es conmovedora y divertida al mismo tiempo sin burlarse de las monjas o de la iglesia.	1
Si está buscando una película con un elenco excelente, buena música (incluida una versión de Shirley Jones de The Way You Look Tonight) y un final alentador, pruébelo.	1
No creo que estés decepcionado.	1
Francamente, después de Cotton club y Unfaithful, fue un poco embarazoso ver a Lane y Gere en esta película, porque es MALO.	0
La actuación fue mala, los diálogos fueron extremadamente superficiales y poco sinceros.	0
Era demasiado predecible, incluso para una película para chicas.	0
Demasiado políticamente correcto.	0
Muy decepcionante.	0
Lo único que realmente vale la pena ver es el paisaje y la casa, porque es hermoso.	1
Amo a Lane, pero nunca la he visto en una película tan mala.	0
Una hora y media ojalá pudiera volver.	0
Pero en términos de la escritura es muy fresco y audaz.	1
La actuación ayuda a la escritura muy bien (quizás la hermana idiota y sabia podría haberse jugado mejor), y es una verdadera alegría verla.	1
La dirección y la cinematografía no son tan buenas.	0
La película fue tan aburrida, que a veces me encontré ocupada en el papel en lugar de verla (¡nunca sucedió durante una película de Columbo!	0
), y algunas veces fue tan embarazoso que tuve que apartar la mirada.	0
La dirección parece demasiado pretenciosa.	0
Las escenas con la vecina tan madura son un lugar equivocado.	0
Y generalmente las líneas y la trama son más débiles que el episodio promedio.	0
Luego, la escena en la que debatieron si despedir o no al trompetista (quien fue acusado falsamente por el asesinato) es un horror puro, realmente estúpido.	0
Un poco de aplauso se debe dar al preludio sin embargo.	1
Realmente me gustó eso.	1
Una gran película de un gran director.	1
La película te tenía al borde de tu asiento y te daba un poco de miedo de ir a tu auto al final de la noche.	1
La música en la película es muy bonita también.	1
Aconsejo a cualquiera que vaya a verlo.	1
¡Brillante!	1
10/10	1
Me gustó demasiado esta película.	1
Mi único problema es que pensé que el actor que interpretaba al villano era Michael Ironside, de baja renta.	0
Se sacudió mi mundo y es sin duda una visita obligada para cualquier persona sin salidas sociales o físicas.	1
Sin embargo, esto no compensa el hecho de que, en general, esta fue una película tremendamente aburrida.	0
No había química entre Ben Affleck y Sandra Bullock en esta película, y no pude entender por qué consideraría incluso dejar a su futura esposa por esta chica con la que supuestamente fue eliminado.	0
Hubo varios momentos en la película que simplemente no necesitaban estar allí y que eran extremadamente lentos.	0
Este fue un pobre remake de la boda de mis mejores amigos.	0
En definitiva, una gran decepción.	0
No puedo creer que los actores acordaron hacer esta película.	0
No podía soportar verlo por mucho tiempo por temor a perder I.Q.	0
Supongo que nadie en la red que transmitió este goteo lo vio antes de ponérselo.	0
Las calificaciones de IMDB solo bajan a 1 por horrible, es hora de obtener algunos números negativos allí para casos como estos.	0
Vi a Mirrormask anoche y fue una experiencia insatisfactoria.	0
Desafortunadamente, la inexperiencia de la dirección significó que escena tras escena pasó con poca tensión dramática o conflicto.	0
Estos son los temas centrales de la película y se manejan de manera inepta, estereotipada y sin profundidad de imaginación.	0
Todas las imágenes bonitas del mundo no pueden compensar un trabajo defectuoso en el núcleo.	0
Es una hora y media de pérdida de tiempo, después de que un grupo de estudiantes de secundaria muy bonitos se quejen y lloren por la vida.	0
No puedes relacionarte con ellos, demonios, apenas puedes entenderlos.	0
Este es definitivamente un clásico de culto que vale la pena ver y compartir con otros.	1
Esta película es un desastre puro, la historia es estúpida y la edición es la peor que he visto, te confunde increíblemente.	0
El pez está mal hecho y algunas de sus tomas submarinas se repiten mil veces en la película.	0
Una película verdaderamente mala.	0
La actuación es terrible, y la escritura es peor.	0
La única forma posible de redimir esta película sería como el forraje MST3K.	0
Yo pague demasiado	0
Además, es un verdadero placer ver a Anthony Quinn jugando a Crazy Horse.	1
¡Era tan aburrido!	0
¡Ninguna trama en absoluto!	0
Una vez más, ninguna trama en absoluto.	0
¡Horrible!	0
¡La peor hora y media de mi vida! ¡Dios mío!	0
¡Tuve que salir del teatro por unos minutos para obtener un poco de alivio!	0
Odio las películas así.	0
Sí, la película bastante chupó.	0
¡NO HAY PARCELA O HISTORIA!	0
Si vas a ver esta película, trae una almohada o una novia / novio para mantenerte ocupado.	0
Horrible.	0
No creo que alguna vez haya ido a ver una película y me haya disgustado tanto.	0
Era bueno que las entradas solo costaran cinco dólares porque estaría loco si hubiera pagado $ 7.50 para ver esta mierda.	0
NADIE se identifica con estos personajes porque todos son recortes de cartón y estereotipos (o estereotipos previsiblemente previsibles).	0
Esta es una mala película, con mala escritura y buenos actores ... una fea caricatura diseñada por Paul Haggis para personas que no pueden manejar nada más que los trazos audaces en la narración ... una imagen pintada con crayones.	0
Crash es una pequeña y deprimente nada que provoca emociones, pero no te enseña nada si ya sabes que el racismo y los prejuicios son cosas malas.	0
"Aún así, me gusta esta película por su empoderamiento de las mujeres	 No hay suficientes películas como esta."	1
Tu cerebro intentará apagarse como parte de un impulso primordial de autoconservación.	0
"Me quedé destrozado por la experiencia de ver esta ""película"" y tardé dos horas en recuperarme por completo."	0
Esta película ahora se une a Revenge of the Boogeyman y Zombiez como parte de la trinidad infernal de las películas de terror.	0
Ciertamente no me refiero a esta distinción de buena manera.	0
Me refiero a esto de una manera terrible.	0
Esta película no tiene características redentoras.	0
Todo es espantoso.	0
El trabajo de cámara sin arte nos presenta infinitamente el escenario más feo que se pueda imaginar, es decir,	0
La historia está más allá de la estupidez.	0
¿El guión está allí? ¿Un guión?	0
Los niños son molestos.	0
El protagonista es libre de carisma.	0
Absolutamente sin mérito en ningún nivel, esto es similar a la tortura.	0
Incluso lo diré de nuevo, esto es tortura.	0
Tal vez habría una explicación razonable para esta atrocidad.	0
No es un viaje agradable de autodescubrimiento.	0
Muy poco recomendado.	0
Si esta premisa suena estúpida, eso es porque lo es.	0
Sí, es tan malo.	0
Nada en absoluto para recomendar.	0
Una excelente actuación de la Sra.	1
Garbo, quien demostró desde el principio que sus talentos podrían traspasarse de la era silenciosa (quería ver algo de su trabajo silencioso, pero Netflix no parece estar almacenándolos).	1
También es genial ver que la renombrada guionista silenciosa Frances Marion no ha perdido ni un solo paso, pasando del silencio al sonido.	1
Esta película sufrió debido a la escritura, necesitaba más suspenso.	0
Hubo demasiados primeros planos.	0
Pero aparte de eso, la película pareció arrastrarse y los héroes no trabajaron realmente por su libertad.	0
Pero esta película es definitivamente una renta por debajo del promedio.	0
¡Te encantará!	1
Esta película es mala.	0
Muy malo.	0
La película es demasiado larga.	0
Este es definitivamente uno de los malos.	0
La película que recibí fue una película de gran calidad para su edad.	1
John Wayne hizo un trabajo increíble por ser tan joven en la industria del cine.	1
Su presencia en la pantalla brilló, aunque había otros actores principales en la pantalla con él.	1
Creo que es una visita obligada la película de John Wayne más antigua.	1
Realmente no veo cómo alguien podría disfrutar de esta película.	0
No creo que haya visto una película tan aburrida como esta chatarra autoindulgente.	0
Probablemente hubiera sido mejor si el director no hubiera pasado la mayor parte de la película mostrando su propia obra de arte, lo que realmente no es tan notable.	0
Otra cosa que realmente no me gustó es que cuando un personaje recibió un puñetazo en la cara, un galón de sangre brotaría poco después.	0
Jamie Foxx absolutamente es Ray Charles.	1
Su actuación es simplemente genial.	1
Es dueño de la película, así como Spacek era propietaria de Coal Miner's Daughter y Quaid era propietaria de Great Balls of Fire.	1
 De hecho, es difícil recordar que la parte de Ray Charles está siendo actuada, y no interpretada por el hombre mismo.	1
Ray Charles es legendario.	1
La vida de Ray Charles proporcionó excelente material biográfico para la película, que va más allá de ser solo otra película sobre un músico.	1
Hitchcock es un gran director.	1
Irónicamente, la mayoría de sus películas me parecen una pérdida total de tiempo para ver.	0
En segundo lugar, Hitchcock perfeccionó la película de suspenso y persecución.	1
Es esta burla a la audiencia que sabotea la mayoría de sus películas.	0
De ahí que toda la historia carezca de cierta energía.	0
La trama simplemente retumba como una máquina, dependiendo desesperadamente de la adición de nuevas escenas.	0
Hay las fallas lógicas habituales de Hitchcock.	0
Mishima es extremadamente poco interesante.	0
Esta es una película fría y sin complicaciones sobre un autor que vive / trabaja en una cultura abstrusa fría.	0
Las recreaciones planas no llaman tu atención porque son emocionalmente a la deriva y stagy.	0
Y el resto simplemente está allí sentado, siendo horrible ... con los soldados cantando canciones sobre la masculinidad a la que se comprometen, pelirrojas sobre la pureza, la admiración de las espadas, etc.	0
Él puede aburrirte en pedazos y matar el impulso de una película, más rápido que cualquier otra persona.	0
Schrader ha hecho un currículum lleno de pésimas películas amateur.	0
Cuando vi por primera vez esta película, en los años 80, me encantó.	1
Estaba totalmente fascinado por la música, el baile ... todo.	1
Sin embargo, recientemente lo volví a ver todo en DVD, y me sorprendió completamente lo estúpida que era la trama, cómo contenía agujeros, inconsistencias y, francamente, mucha basura, y lo horrible que era el baile.	0
Quiero decir, en un mundo realista, NUNCA se hubiera metido en ese repertorio de ballet ... Todo fue bastante patético.	0
Los desarrollos del personaje también carecieron de profundidad.	0
Woa, habla de horrible.	0
No malgastes tu tiempo.	0
Era demasiado horrible.	0
El peor, el peor de los diálogos ... podría seguir y seguir.	0
Pero lo que realmente lo hizo invencible fue la dirección.	0
Los pobres actores.	0
Ni siquiera se puede decir si tienen talento porque no solo tienen líneas patéticas para hablar, sino que el director no les dio ninguna acción.	0
Si verifica la filmografía del director en este sitio, verá por qué esta película no tuvo oportunidad.	0
Esto ni siquiera sería bueno como hecho para la película de televisión.	0
Si las buenas intenciones hicieron que una película fuera genial, entonces esta película podría ser una de las mejores películas que se hayan hecho.	1
La película tiene grandes actores, un director maestro, un tema significativo, al menos un tema significativo, un trasfondo de la década de los cincuenta, el cansancio del mundo existencial, escenas aéreas que deberían haber emocionado los sentidos y la imaginación, y personajes sobre los cuales uno podría profundamente cuidado	1
Lamentablemente, la película falla.	0
La película carece de interés visual, drama, expresión de sentimientos y celebración del patriotismo que subraya la narrativa.	0
Ninguna actriz ha sido peor utilizada que June Allison en esta película.	0
Sin embargo, me gusta verlo.	1
Desafortunadamente, esta es una mala película que es simplemente mala.	0
¡La mala escritura, la mala dirección y la actuación horrible hacen que este sea claramente malo!	0
El diálogo apestó.	0
La cinematografía -si se puede llamar así- chupó.	0
La banda sonora chupó.	0
La actuación apestaba.	0
Las secuencias de conciertos simplemente apestaron.	0
Eso estuvo bien.	1
Eso fue divertido.	1
Fue tan gracioso.	1
En general, esta película fue basura barata.	0
Pero esta película no es graciosa, considerando lo ridículo que es.	0
Salí de ello sintiéndome enojado.	0
*** SPOILERS *** Cualquier otra cosa que se pueda (o no pueda) decir al respecto, SUPERFICIE está magníficamente diseñada.	1
La cinematografía es simplemente impresionante (por decir lo menos) y el fx no es nada si no es de vanguardia.	1
Conceptualmente, el programa ofrece un poco de todo, y para casi todos (padres, niños, fans de fantasía y / o de fx).	1
"Y tampoco hubo una sola nota amarga tocada en cuanto a la actuación, tampoco	 Algunos lanzamientos sorprendentemente sólidos, aquí."	1
A fin de cuentas, un trabajo muy bien hecho.	1
Gracias buena una película como esta fue hecha y lanzada.	1
Una de las mejores películas mexicanas de la historia, y una de las menos entendidas, incluso por parte de los propios mexicanos, sin importar cuán identificados se hayan sentido con ella.	1
Se clasifica como un gran drama de noir-crime, increíbles actuaciones de Belmondo y Lino Ventura.	1
La atención prestada a cada personaje y las complejas representaciones psicológicas, que detallan la lealtad, la traición, el amor y la esperanza, son tremendas.	1
Es un excelente drama, un excelente thriller y una excelente película.	1
Allá arriba con lo mejor de Melville.	1
Todo sobre esta película es simplemente increíble.	1
Realmente haces este viaje a través de los ojos y el alma de un niño.	1
BLACK WATER es un thriller que logra trascender completamente sus limitaciones (es una película indie) al subvertir continuamente las expectativas para emerger como una experiencia intensa.	1
Las actuaciones son reales y apasionantes, el cocodrilo está extremadamente bien hecho, de hecho, si se cree que el sitio web de Black Water se debe a que utilizaron cocodrilos reales y la ubicación del pantano es fabulosa.	1
Lo disfruté mucho cuando Christopher Eccleston tomó el control de TARDIS y la continuación de la serie.	1
No estoy seguro de lo que estaba tratando de hacer con esta película.	0
Si fue para convertir mi buen día en una noche de recuerdos inquietantes, supongo que tuvo éxito.	0
Hay muchos lugares hermosos.	1
Fue forzado, como todo en esta película.	0
De nuevo, cojo.	0
Aquí es donde la película realmente me despidió.	0
Y ni siquiera me hagas empezar con el trabajo de la cámara.	0
Cuando lo vi en el teatro pensé que iba a estar enfermo.	0
Resumen: Los ingenios no eran ingeniosos.	0
La trama ... bueno, dije que la dejaría pasar.	0
La actuación fue mala.	0
Muy mal.	0
Incluso Billy Bob no pudo elevarse por encima del guión, que era peor.	0
Camerawork - otra vez, mal.	0
Puntuación: 1 de 10.	0
¡Un final INCREÍBLE a la mejor trilogía de todos los tiempos!	1
Kieslowski nunca deja de sorprenderme.	1
Es uno de mis directores favoritos y uno de los directores más talentosos de la historia del cine.	1
Su uso de los colores de la bandera francesa en las tres películas fue increíble, cada disparo, cada escena era como una obra de arte.	1
Tres de las películas más visualmente atractivas que he visto.	1
Y sus conexiones sutiles entre las tres películas son impresionantes.	1
Tengo que mencionar esto y es un gran SPOILER, me encantó el final, cómo todos los personajes de las tres películas fueron los sobrevivientes restantes del desastre del ferry, con Valentine y el joven juez juntos, y el anciano mirándola. TV, solidificando su felicidad por el sufrimiento con el que lidió durante tantos años.	1
No podría pensar en una mejor manera de terminar la película, ¡pero una sonrisa en mi cara, una excelente manera de concluir una película y una trilogía asombrosas!	1
Lo recomiendo a TODOS los que aman el cine, las películas, cualquier cosa ... ¡Una obra de arte!	1
10 de cada 10 tanto para la película como para la trilogía.	1
Literalmente vomité mientras veía esta película.	0
Creo que fui una de las personas que encontró esta otra perla de Roth.	1
Su actuación, según lo premiado, fue impactante.	1
La historia que Francis contó con tanta elocuencia 25 años antes de Coppola, realmente se desarrolla gradualmente y deja espacio para que se desarrollen los personajes.	1
En un lugar más maravilloso se encuentra una historia de contraste.	1
En definitiva, una hermosa película dirigida de Nicola's roeg wih a sublime cast.	1
Estoy traduciendo películas para ganarme la vida y esta es la primera película en mi experiencia laboral de 5 años que me pareció ofensiva para mi inteligencia.	0
Pero cuando alguien se esfuerza por alcanzar la grandeza y la poesía, pero presenta una historia confusa (y, a menudo, ridícula), un montón de escenas dispares, diálogos pretenciosos ... Entonces obtienes el peor tipo de película que otro crítico definió con precisión como una mierda pretenciosa .	0
Para aquellos que encuentran esta película inteligente o incluso magistral, solo puedo decir: es tu inteligencia y tu imaginación que obviamente utilizaste para tratar de dar un sentido a este lamentable intento (está en nuestra naturaleza humana tratar de dar sentido a las cosas).	0
Una cosa más: puedo tolerar la incorrección política muy bien, estoy a favor de la libertad artística y la suspensión de la incredulidad, pero el personaje femenino eslavo era demasiado.	0
Esta es una película tan divertida y divertida.	1
Muy entretenido en todos los ángulos.	1
Cuenta con una variedad extravagante de nueces memorables, psicóticas pero adorables.	1
Así que para nuestro disfrute, podemos verlos correr, jugar juegos y ser peligrosos.	1
Incluso tiene sus momentos dulces.	1
El técnico de reparaciones telefónicas fue realmente divertido y sus reacciones ante los jefes locos y malintencionados fueron auténticas.	1
Todos los personajes de esta película están tremendamente bien interpretados.	1
Y realmente los encontré graciosos.	1
Esta es en realidad una película muy inteligente.	1
Hay un brillante giro final.	1
 Me encanta.	1
El final es tan, tan perfecto ... derramarás una lágrima.	1
Estoy tan emocionada después de ver una película como esta.	1
Nunca lo olvidaré ahora.	1
No es solo un culto ... es un culto CLÁSICO.	1
Que tiene más profundidad y carácter que el hombre debajo.	0
Los ajustes de Malta son tan secos y estériles como el diálogo.	0
Esta pelicula es terrible	0
Las escenas de hockey son terribles, los defensores juegan como si tuvieran 5 años, los porteros se lanzan a tiros que tienen 10 pies de ancho de la red, etc.	0
Para aquellos que no lo han visto, ¡no malgasten su tiempo!	0
¡Llamar a esta película un drama es ridículo!	0
Comencé a ver esto pero no creía en ninguno de los personajes.	0
En particular, la relación entre el asistente de panadería y la camarera simplemente no funcionó para mí en absoluto.	0
Era una película muy superficial y me dio la sensación de que estaba viendo una obra de teatro en lugar de una película.	0
"Los personajes eran muy ""escénicos"" y la historia era muy parecida a una farsa escénica."	0
En el momento en que el pirómano atacó al asistente, me aburrí y no me importó lo que sucedió después, así que lo apagué.	0
Me alegro de no haber pagado para verlo.	0
No reí ni siquiera sonrió una vez.	0
Pero no fue nada en absoluto, solo un gran bostezo ...	0
Es un muy buen espectáculo para ver.	1
Es muy educativo para niños de 1 a 8 años.	1
Barney es definitivamente super Duper.	1
es bastante gracioso	1
Babie Bop es muy linda.	1
Los niños son muy cool también.	1
 Pero Storm Trooper ni siquiera es lo suficientemente malo como para llegar a la lista de películas maravillosamente terribles.	0
Es simplemente cojo.	0
El tipo que dijo que ha tenido un mejor diálogo con sus plantas en macetas lo tiene bien.	0
Todo acerca de esta película es estúpido.	0
Incluso si te gustan las películas malas, no mires esta película.	0
Es vergonzoso	0
Le daría a esta serie de televisión un 10 más si pudiera.	1
Los escritores fueron muy buenos y creo que los mejores actores y actrices fueron una ventaja para el show. Estos personajes eran tan reales.	1
Debo decir que he grabado la mayoría de los episodios y me encuentro mirándolos una y otra vez.	1
¡Ahora sabes por qué le di un 10+!	1
No sé exactamente de qué se trata esta película, pero nos aferramos a esta película entrañable y se ha convertido en una parte especial de los recuerdos de nuestra familia.	1
Recomiendo total y absolutamente esta película a cualquiera que le gusten las buenas películas familiares sanas porque eso es exactamente lo que es.	1
Las cosas en las que se meten los cuatro niños son absolutamente divertidas de ver.	1
Esta es una de las mejores películas que muestran un fuerte vínculo entre hermanos.	1
Mucho más interesante, más acción, más suspenso y menos de la controversia innecesaria.	1
Todo, desde la actuación hasta la cinematografía, fue sólido.	1
Definitivamente vale la pena echarle un vistazo.	1
Damian es tan talentoso y versátil en tantas formas de escribir y retratar diferentes personajes en la pantalla.	1
Esta película tiene una vanguardia.	1
Estoy muy complacido de saber que un genio tan moderno está ahí afuera, dejar que la pasión por el Arte lo lleve y nos lleve como audiencia con él.	1
Los nuevos personajes no eran tan memorables, y me encontré olvidando quién era quién.	0
Sentí como si su viaje a Irlanda no hiciera absolutamente nada.	0
"No me asustó, me horrorizó, ni me hizo simpatizar con los personajes	 era simplemente molesto."	0
Los movimientos bruscos de la cámara también eran molestos.	0
La trama era la misma que casi cualquier otro horror barato.	0
Hubo algunos intentos patéticos de darle profundidad a los personajes, pero realmente no funcionó en el resto de la trama.	0
Supongo que se suponía que debía ser un giro inteligente, y luego arrojar algo de luz sobre la situación, pero fue estúpido.	0
Si lo ves, probablemente deberías dejarlo en el estante.	0
Elias Koteas, Jack Palance juegan buenos papeles Angelina es sexy y se desnuda.Billy Drago aparece en esto y es genial como siempre + un cameo de Sven ole Thorsen ayuda a hacer de esta una película muy agradable con buena actuación y un presupuesto decente.	1
Esta fue una película tan increíble que la compré en Ebay.	1
Realmente me encantó la línea de la historia y el oso poler era un poco lindo. Pero si alguien tiene alguna pregunta sobre Fort Steele, simplemente pregunte :)	1
¡Esta película totalmente extravagante es tan exagerada, patética y poco realista que durante los 90 minutos de tortura total que probablemente miré mi reloj unas 70000 veces!	0
Lucy Bell es mucho más alta que esta mierda y para ella hundirse tan bajo es bastante deprimente.	0
Todo lo que hace esta película es que te enfermas al ver a todos estos holgazanes poner excusas por sus acciones estúpidas durante 90 minutos.	0
¡Dios, y nunca podré recuperar esos 90 minutos!	0
Creo que las partes más maravillosas (literalmente, llenas de asombro) son los extractos de sus obras.	1
Los sets (especialmente diseñados para trabajar con la cámara) son increíbles ... estilizados, hermosos y efectivos.	1
Podrían ser utilizados como ejemplares para cualquier escenógrafo.	1
Las historias fueron exploraciones poderosas de la naturaleza del hombre y del arte.	1
Después de ver esta película, quería aprender más sobre las obras de este artista.	1
Recomiendo esta película a cualquier persona interesada en arte, poesía, teatro, política o historia japonesa.	1
Aquí, en El viento y el león, vemos una representación maravillosa de la propia era imperial de Estados Unidos.	1
) Lo que hace diferente a esta historia son los magníficos valores de producción, fotografía impecable, composición y edición, el casting excelente, el poco apreciado Brian Keith interpretando a un peluche de peluche y una historia vívida.	1
Aunque The Wind and the Lion se dice en gran parte a través de los ojos del hijo, cada miembro de la familia puede identificarse con uno de los personajes, ya sea el noble bandolero de Sean Connery, la heroína luchadora de Candace Bergen, el astuto John Hay de John Huston o Steve Kanaly. Spiffy, radiante, despiadado teniente, el palo grande de Roosevelt.	1
Esta es una gran aventura en su mejor momento.	1
Creo que fue la mejor película de Robert Ryans, porque representó a alguien como mi padre, y fue un esquizofrénico en la vida real (mi padre), aunque nunca asesinó a nadie, pero se vio más afectado durante la Segunda Guerra Mundial, lo que lo empeoró.	1
Tener que complacerlo solo para sobrevivir y pasar el día era muy apropiado.	1
(Mi madre y mi hermano tuvieron que hacer esto) Cuando vi a Robert Ryan retratar a este tipo de hombre, fue una muy buena imitación de este tipo de persona, y me impresionó.	1
Casi todas las canciones de Cover Girl son anticuadas y no muy melodiosas.	0
Lo más molesto de 'Cover Girl' es la forma en que Rita Hayworth se coloca en un pedestal.	0
Desafortunadamente, 'Cover Girl' es un ejemplo de cómo Hollywood solía explotar a las mujeres para obtener ganancias financieras.	0
La narración no lineal, por lo tanto, muchos flashbacks y cada parte se articulan bastante bien.	1
La buena fotografía también hace que ella y Monica Bellucci se vean muy hermosas.	1
Un buen comentario del amor de hoy y, sin duda, una película que vale la pena ver.	1
Para las personas primerizas en la realización de películas, creo que hicieron un excelente trabajo.	1
Fue muy popular cuando estaba en el cine, una buena casa y muy buenas reacciones y muchas risas.	1
¡Es una película para sentirse bien y así me sentí cuando salí del cine!	1
Tiene humor nórdico y positivo sobre la comunidad que representa.	1
Más bien lo disfruté.	1
Me gustó.	1
No podía tomarlos en serio.	0
Aunque realmente creó una sensación única.	1
Vivian Schilling hizo un excelente trabajo con el guión.	1
Un mundo mejor que el 95% de la basura en los teatros de hoy.	1
Su papel fue jugado bien.	1
No demasiado gritón no para masculino, pero justo.	1
La cámara realmente le gusta a ella en esta película.	1
La habría puesto en ese papel después de que esté listo el guión.	1
Como europeo, la película es un bonito recuerdo de mi época como estudiante en la década de 1980 y de las experiencias que tuve viviendo en el extranjero e interactuando con otras nacionalidades, aunque las circunstancias fueron ligeramente diferentes.	1
Soy un fan de su ... Esta película es realmente mala.	0
Incluso peor que Ticker!	0
& Esa película fue mala.	0
¡Solo como 3 o 4 edificios usados, un par de lugares, MAYO, y pobre hummh!	0
Simplemente sopló.	0
¡Esta película es excelente! ¡Angel es hermoso y Scamp es adorable! Su pequeño grito cuando tiene miedo, y las partes más divertidas son cuando: Scamp está atrapado bajo la cortina y cuando Angel y Scamp están cantando 'Nunca he tenido este sentimiento antes'. Recomiendo totalmente esta película, que saldrá en una edición especial el 20 de junio. La portada tiene un rastro en un bote de basura y un ángel debajo de la tapa.	1
Simplemente no puedo explicar esta película más que romántica, encantadora, divertida y adorable. Las escenas de los depósitos de chatarra son divertidas, todos los perros de los depósitos de chatarra tienen algo especial. Muy divertido, me reí, a los niños les ENCANTARÁ. Compre cuando salga, tiene ¡nuevas características!	1
Ahora fuimos elegidos para ser torturados con esta repugnante pieza de propaganda estadounidense descarada.	0
Este espectáculo está hecho para estadounidenses, es demasiado estúpido y lleno de odio y clichés para ser admitido en otro lugar.	0
Casi todas las personas involucradas deben regresar a la escuela, actuar es totalmente predecible y malo, el guión es un montón de basura durante todo el año.	0
¿Me gustaría poder ingresar valores negativos, administradores?	0
Los sets son tan malos que no se verían fuera de lugar en un episodio de Thunderbirds.	0
El uso de la cámara lenta se repite innecesariamente a lo largo de la película, pero está bien respaldado por una mala actuación (y mala es una palabra amable aquí), no hay continuidad, escenas que se lanzan sin ninguna razón, vehículos que parecían fabricados. de una caja de Corn Flakes y un estilo de dirección que limitaba con la estupidez.	0
Ah sí, y la trama también fue patética.	0
Odio escribir malas críticas sobre películas, especialmente aquellas en las que realmente me gusta la estrella, pero esta película es tan mala que no creo ni por un segundo que alguien pudiera estar orgulloso de ella.	0
No soy un cineasta ni soy un director, pero me escondería en la arena si hubiera gastado la cantidad de dinero y tiempo en esta película.	0
En resumen, esto fue un desperdicio monumental de tiempo y energía y no recomendaría a nadie que VEA esta película.	0
Llegó gratis con un reproductor de DVD que compré, pero aún así lo apagué a medio camino porque estaba avergonzado por Howell.	0
1/10 - y solo porque no hay ajustes para 0/10.	0
"Una premisa interesante, y Billy Drago siempre es bueno como una peligrosa bolsa de nueces (nota al margen: me encantaría ver a Drago, Stephen McHattie y Lance Hendrikson juntos en una película	 ¡hablen sobre los pómulos!)."	1
La banda sonora tampoco fue terrible.	1
Pero la actuación, incluso la de profesionales como Drago y Debbie Rochon, fue terrible, la dirección fue peor (tal vez contribuyó a la anterior), el diálogo de chimpancé y el trabajo de cámara, apenas tolerable.	0
Sin embargo, fueron los SETS los que obtuvieron un gran 10 en mi escala oy-vey.	1
Sí, estoy simplificando las cosas aquí por razones de brevedad, ya que esto realmente es el núcleo de los problemas con esta película: tiene muchas cosas sin una explicación real y satisfactoria.	0
Ambos hacen buenos trabajos y son bastante divertidos.	1
Pero la trama complicada simplemente no me convenció, y gran parte de la película se vio con una mirada extraña y cuestionadora.	0
Dejé que mi novia me convenciera para que viera esto, mala idea, ambos lo odiamos.	0
Los últimos 15 minutos de la película tampoco son malos.	1
Bela Lugosi era totalmente extraña, entonando extrañas líneas.	0
La actuación fue decididamente de madera, aunque no peor que una película de época B Universal.	0
Me gusta Armand Assante y el resumen de mi compañía de cable sonaba interesante, así que lo vi dos veces y probablemente lo volveré a hacer.	1
Creo que el guionista hizo un buen trabajo atando los cabos sueltos.	1
Mi puntuación de 8/10 es principalmente para la trama.	1
No diré nada más, no me gustan los spoilers, así que no quiero ser uno, pero creo que esta película vale la pena.	1
Vaya, qué mala película.	0
No asusta en lo más mínimo, y apenas comprensible.	0
La trama no se mantiene unida, y la actuación es absolutamente atroz.	0
Ni siquiera es bueno para el valor de campamento!	0
No esperaba material de Oscar, pero esto?	0
Tendrías que tener el coeficiente intelectual de un molusco particularmente estúpido para no ver que viene uno.	0
Esta película (y yo uso esa palabra a la ligera) es un insulto para el público que va al cine.	0
¡Si solo alguien involucrado con él supiera cómo encadenar narrativa!	0
Esto obtiene un 1 de cada 10, simplemente porque no hay nada más bajo.	0
Este es uno que no tenía, pero lo vi recientemente en Fox Movie Channel, y me decepcionó mucho.	0
Sé que era un jugador contratado con poco control sobre sus guiones, pero la actuación fue tan mala como el guión.	0
Victor McLaglen era incluso malo, y Brian DonLevy era casi irreconocible.	0
Teniendo en cuenta las relaciones fuera de la pantalla entre Taylor y Stanwyck, fue sorprendente la poca química que había en la pantalla entre los dos.	0
Pero la premisa de la película fue tan ridícula: que el presidente de los EE.UU.	0
Las escenas del corredor de la muerte eran completamente inmóviles.	0
Lo único peor que la actuación de Taylor fue el canto de Stanwyck.	0
Fuera lo que fuera lo que buscaba el productor, se lo perdió por completo.	0
Me impresionó profundamente el personaje que interpretó.	1
Supe cuando vi la película que más cosas maravillosas vendrían de este talentoso actor.	1
Una película de atraco barata y triste con una caracterización deficiente, un montón de emoticón estoic de estilo underbite (piense en Chow Yun Fat en A Better Tomorrow) y algunos clichés de queso arrojados a una fábrica abandonada listos para unos cuantos rollos de judo voladores mal ejecutados al estilo de John Woo.	0
Incluso los squibs se ven horribles.	0
En ningún momento del proceso se parece ni remotamente a América.	0
La trama, tal como es, es tan derivada y predecible que el final es como un asesinato por piedad.	0
El horrible diálogo y la exageración irremediable de todos los que reciben disparos rematan una verdadera pérdida de espacio y tiempo.	0
Estaba muy incómodo con lo mala que era esta película, pero no me asusté en absoluto.	0
El diálogo está compuesto por cosas que tienen poco sentido.	0
Se pierden alrededor de 30 minutos de imágenes para mostrar a los actores mediocres de edad avanzada balbuceando torpemente sobre un pibra pibra satánico satánico lo suficiente como para hacer que un adolescente se ruborice, casi siempre en inglés Olde, y algunas veces en latín que puede o no estar hecho con palabras.	0
La dirección es descuidada en el mejor de los casos.	0
La escritura pirateada, sin duda, pero empeoró aún más por la mala dirección.	0
Por supuesto, la actuación es bla.	0
La actuación de todo el elenco se puede poner en una escala y equilibrar perfectamente entre sobreactuar y subactuar.	0
Y, FINALMENTE, después de todo eso, llegamos a un final que hubiera sido genial si hubiera sido manejado por personas competentes y no por Jerry Falwell.	0
"Me encantó esta película	 era una gran representación de una familia que tenía muchas subidas y bajadas, pero al final supieron que tenían un amor especial el uno por el otro."	1
He visto muchas películas protagonizadas por Jaclyn Smith, pero Dios mío, esta fue una de las mejores, aunque salió hace 12 años.	1
Esta película contenía un elenco de estrellas, y lo que más me encantó fue que me abrió los ojos para ver a otros actores que no había visto antes.	1
Esta película fue un poco larga, pero disfruté cada minuto de ella.	1
En general, califico esta película con un 10 de una escala de 1-10.	1
Lifetime no lo transmite lo suficiente, por lo que si alguien sabe qué tienda lo vende, hágamelo saber porque es un deber.	1
Recuerdo particularmente que mis sentidos fueron asaltados por cuerdas estridentes de música que sonaban con muy poca advertencia, y aún menos significado.	0
Es justo el tipo de papel que se examina por la tarde para castigar a los desempleados por no tener trabajo.	0
Totalmente diferente, con un montón de subestimación y comedia negra, esta es una película que pocos pueden ver, pero aquellos que lo hagan lo recordarán.	1
Esta película crea su propio universo, y es fascinante en todos los sentidos.	1
Pero esta película realmente me afectó.	1
Míralo.	1
Realmente espero que el equipo detrás de esta película haga más películas, y que continúen haciéndolo en su propio estilo, algo extraño.	1
Y me olvidé: el Elenco aquí es excelente, con Trond Fausa Aurvåg siendo perfecto en el papel de Hombre Loco, que no entiende dónde está, qué está haciendo y por qué.	1
Esta película es un comentario bueno y humorístico sobre la vida en 2006.	1
Encontré este movimiento hermoso, agradable y edificante.	1
Inicialmente, los sitios locales de la película, que se filmaron aquí en Buffalo, me intrigaron.	1
Más tarde me encontré perdido en el poder de la película.	1
Toda la audiencia aplaudió a la conclusión de la película.	1
Salí del teatro con una inclinación en mi paso, alegría en mi corazón y esperanza para la raza humana.	1
Duris tiene un aspecto sano y da un buen rendimiento.	1
El resto del elenco también juega bien.	1
Destaca su cinematografía, que incluye hermosas vistas de Barcelona y sus famosas torres de Gaudí.	1
Alrededor de diez minutos en esta película comencé a tener dudas.	0
Alrededor de la mitad de esta película me empezó a disgustar.	0
Cuando la película terminó, no solo me disgustaba, sino que la despreciaba.	0
Lo que le falta a esta película es un guión convincente.	0
El guión parece como si solo se escribiera un borrador y el disparo comenzara antes de que se completara el guión.	0
Las cosas suceden, las personalidades de los personajes cambian, los giros en la trama se producen sin ninguna razón real, a excepción de lo que el script lo requiere.	0
El elenco es bueno.	1
Por eso, vale la pena echarle un vistazo.	1
Este es probablemente el espectáculo más irritante que he visto en toda mi vida.	0
Es indescriptiblemente el espectáculo más molesto e idiota que he visto.	0
Todo es simplemente malo.	0
No pude entender, qué clase de idiota produciría este lío en primer lugar, por no mencionar varias temporadas.	0
El guión es malo, muy malo, contiene tanto cheesiness como bromas poco éticas que normalmente se ven en la película clasificada R o NC-17.	0
El casting también es horrible, porque todo lo que ves es un período realmente MALO de actores.	0
Palabra final: ¡Este Show es una verdadera tortura!	0
Es un millón de veces lejos de la realidad.	0
Mirar la lavadora dando vueltas no haría daño a tus ojos tanto como a este espectáculo.	0
Calificación: 0/10 (Grado: Z) Nota: El espectáculo es tan malo que incluso la madre del reparto saca a su hija del espectáculo.	0
La Casa del Camino de 20th Century Fox, 1948) no solo es un tonto noir, sino que es un aburrimiento implacable y no mitigado de una película.	0
Lleno de caracteres de cartón poco convincentes, está escrito suavemente por Edward Chodorov, quien también produjo, y está dirigido sorprendentemente por Jean Negulesco de quien uno esperaría mucho más.	0
¡De aquí en adelante, el personaje de Widmark se vuelve involuntariamente cómico!	0
Perder sus canicas tan temprano en el proceso es totalmente inverosímil y poco convincente.	0
Y si eso no es suficiente de una película para usted, la imagen también se ve empañada por el uso constante de los juegos de estudio y los exteriores interiores.	0
¡Lo que sea que haya provocado tal documental me supera!	0
(Spoilers muy serios) esta película fue una gran decepción.	0
Hay tantos problemas que no sé por dónde empezar.	0
El elenco fue genial.	1
steve martin ofrece una actuación realmente divertida de un hombre blanco de clase media, alto, tenso.	1
agrega betty white y jean smart y tendrás un gran elenco: todos interpretaron muy bien sus papeles.	1
Pero la película comete muchos errores serios.	0
En primer lugar, hay suficientes estereotipos raciales y chistes raciales para ofender a todos.	0
La película está llena de insultos raciales hacia los miembros del elenco negro y, a cambio, los blancos se representan como idiotas y tetas.	0
dejando la tarjeta de la carrera a un lado, echemos un vistazo a la falla principal en la película: destruyen el personaje de latifa.	0
No hay una trama real.	0
No vería esta película otra vez gratis.	0
STEAMBOAT WILLIE es una película increíblemente importante para nuestra historia del cine.	1
Esta segunda aparición de Mickey Mouse (siguiendo el silencioso PLANE CRAZY a principios de año) es probablemente su película más famosa, principalmente porque fue muy innovadora.	1
Si bien aún no escuchas a Mickey hablar, hay un montón de efectos de sonido y música a lo largo de la película, algo que damos por sentado ahora, pero que en 1928 complació a la multitud.	1
Sin embargo, después de ver el corto de nuevo después de unos 25 años, me sorprendió lo atemporal que es la película.	1
Es simplemente adorable ver a Mickey tocando Turkey in the Straw de una manera altamente imaginativa (aunque ocasionalmente cruel).	1
Inteligente y un verdadero placer para la multitud: esta película aún se encuentra entre las mejores películas de Mickey incluso después de 80 años maravillosos.	1
La bipolaridad del matón despiadado (un minuto un asesino despiadado, al minuto siguiente un comercial de pañales de Luv) es completamente poco convincente.	0
Estoy terriblemente decepcionado de que esta película reciba tantos premios y reconocimientos, especialmente cuando hay muchas más películas merecedoras por ahí.	0
El cuerpo y el alma originales (1947) es una obra maestra.	1
John Garfield, Ann revere, Lilli Plmer, William Conrad, Canadá Lee ... y filmados por uno de los más grandes cineastas que hayan adornado la pantalla ... James Wong Howe.	1
No creo que haya ninguna cualidades redentoras en este remake.	0
Esta puede ser la única mala película que haya hecho.	0
Tan malo ... bueno ... es simplemente malo.	0
Esta película es un ejemplo sólido de una trama mala y una muy, muy mala idea en todo momento.	0
Es una pena ver que buenos actores como Thomerson y James se ganen la vida en un lío como este.	0
Pensé que era malo.	0
Ambas películas son terribles, pero para crédito de la versión de 1986, se podía ver.	0
Comencemos con todos los problemas: la actuación, especialmente del profesor principal, fue muy, muy mala.	0
El guión es un gran lío defectuoso.	0
El mejor ejemplo de cuán tonta es la escritura es cuando se establece que puedes volver a convertir a los zombies-estudiantes en humanos al quitar un collar que contiene un pedazo del meteorito.	0
El director Paul Matthews, quien también escribió / dirigió la débil película de monstruos de 1995, Grim, claramente no sabe cómo controlar sus películas.	0
La película es terriblemente aburrida en algunos lugares.	0
La iluminación es horrible.	0
La película se ve barata y sosa.	0
Uno de los aspectos más decepcionantes es la falta de sangre notable.	0
Esta convención nunca funcionó bien en el pasado, y ciertamente no funciona aquí.	0
Los efectos visuales fueron impresionantes.	0
¡La secuencia de apertura de CG en el espacio parecía haberse creado en Microsoft Slideshow por el amor de Dios!	0
La explosión de los tanques de gas al final fue igual de horrible.	0
De acuerdo, me considero una crítica justa, así que daré crédito donde se debe el crédito: los efectos de las criaturas fueron realmente geniales.	1
¡Debes amar esos primeros planos de los dientes babosos y babosos!	1
Para resumir la película, Breeders es una película de terror terrible y barata que debe evitarse como el virus del ébola.	0
No recomendado.	0
Es casi insoportable de ver en la pantalla, tiene poco o ningún carisma, y ​​un tiempo de comedia terrible.	0
Aparte de su terrible ventaja, esta película tiene muchos otros débitos.	0
Entiendo que se supone que es una comedia barata de palomitas de maíz, pero eso no significa que tenga que insultar completamente nuestra inteligencia, y escribir de forma tan increíblemente trillada que roza lo ofensivo.	0
El considerable talento de Lewis Black también se desperdicia aquí, ya que se encuentra en su estado más incendiario cuando no tiene restricciones, lo que la calificación PG-13 ciertamente no permite.	0
El único punto brillante de la película fue Jonah Hill (quien lucirá casi irreconocible para los fanáticos del reciente Superbad debido a la cantidad de peso que perdió mientras tanto).	1
Con la originalidad y la frescura de la primera película que ahora se gastó, este remake tuvo poco más que ofrecer.	0
El presupuesto era evidentemente muy limitado.	0
Esto se reflejó no solo en el reparto, sino también en el guión que está debajo del par, que tomó mucho del clásico anterior.	0
Sin embargo, aquí no hubo trabajo decente de actuación, acción o ubicación para equilibrar las cosas.	0
El cine fue menos expansivo.	0
No logró transmitir el amplio abanico de paisajes que formaban gran parte del original.	0
"Generalmente	 sólo le faltaba imaginación."	0
No recomendado.	0
¿Es posible que una película se ponga peor que esto?	0
No hay ninguna trama aquí para mantenerte en marcha en primer lugar.	0
"Incluso cuando las mujeres finalmente aparecen, no hay signos de mejoría	 Las cosas más esperadas suceden y, para cuando termine la película, es posible que estés profundamente dormido."	0
Cuidado: esta no es una película de culto trashy, esto es trash -periodo!	0
¡No puedo creer que haya una secuela de esto!	0
Que es precisamente por eso que estoy dando una mala crítica!	0
Siendo un niño de los 90, disfruté mucho de este espectáculo y puedo decir con orgullo que lo disfruté a lo grande e incluso más que las caricaturas clásicas de WB.	1
Pero Tiny Toons mantuvo el ambiente de los 90 y entregó una de las caricaturas más populares, divertidas y menos valoradas jamás creadas.	1
Los recuerdos son turbios, pero solo puedo decir que disfruté cada episodio y producto relacionado con el programa.	1
Fácilmente, ninguna otra caricatura me hizo reír de una manera tierna (antes de meterme en comedias oscuras orientadas para adolescentes).	1
Todos los personajes eran divertidos y tenían la peculiaridad de no tener un verdadero personaje principal.	1
Cada personaje era hilarante y merecía ser llamado un protagonista.	1
Todos los elementos de esta historia fueron tan exagerados, excesivamente falsos y ideados que fue doloroso sentarme.	0
Sus líneas parecen haber sido ESCRITAS por un niño de quince años, aunque lo están intentando, oh, muy difícil de sonar como un niño de quince años realmente, eh, ya sabes, bueno ... hablar.	0
Perabo tiene un buen nivel de energía y obviamente es muy cómodo frente a una cámara.	1
Simplemente no hay excusa para algo tan mal hecho.	0
Vi esta película y pensé que esta es una película estúpida.	0
Lo que es aún más estúpido es que ¿quién había pensado en una idea de que debería haber un volcán en Los Ángeles?	0
Para ser honesto contigo, esto es una tontería increíble y muy tonto.	0
En conclusión, no me molestaré con esta película porque un volcán en Los Ángeles no es más que una tontería.	0
La línea de la historia es simplemente horrible!	0
¡Es simplemente doloroso!	0
¡Y los acentos son absolutamente abismales!	0
También hay suficiente hipocresía en esta película para hacerme vomitar.	0
No pierdas el tiempo viendo esta basura no investigada.	0
Creo que Pitch Black se hizo bien.	1
Los personajes son interesantes y usted quiere saber más sobre ellos a medida que la película se prolonga, y creo que la gente se sorprenderá de quién lo hace y quién no.	1
Ve a verlo!	1
Omitir viendo esto.	0
¡Muy divertido!	1
Mi calificación: sólo 3 de 10.	0
Los personajes son interesantes y realmente te importan.	1
Un clásico instantáneo, con una gran banda sonora y una canción pegadiza durante los créditos finales.	1
No te lo pierdas	1
Esta es una pieza magistral de creación de películas, con muchos temas a fuego lento y ocasionalmente en ebullición en estas verrugas y en todo el estudio de los años bohemios y autoindulgentes del poeta que abarcan los bombardeos aéreos de Londres y la tranquilidad exterior de un retiro costero galés. - los límites entre la amistad, la lujuria y el amor, la dedicación al arte y la experiencia frente a las preocupaciones prácticas, los celos, la rivalidad, la cobardía y el egoísmo frente al heroísmo y el sacrificio personal y más.	1
Un guión sutil y maduro que sugiere y ocasionalmente enfoca dramáticamente las tensiones subyacentes está bien acompañado por actuaciones perfectas (aparte de la extraña sonrisa inapropiada que Keira Knightley es propensa, aunque tal vez esté bajo dirección esta vez, como los otros personajes lo mencionan a menudo ).	1
Pero, sobre todo, la exquisita composición visual de cada momento, con un uso ingenioso y elegante del primer plano, el ángulo de la cámara y la iluminación, incluidas las imágenes puntuales de películas caseras falsas, es una maravilla y alegría para la vista.	1
Es tan hermoso de ver como Bertolucci, pero las relaciones aquí son más convincentes y la narrativa más atractiva que parte del trabajo de ese maestro.	1
La premisa básica se desperdicia, ya que está marginada por el enfoque inexplicable en el equipo documental.	0
En cualquier caso, la película falla en la mayoría de los niveles.	0
Evitar a toda costa.	0
Vi esta película en Navidad, y ¡qué gran película fue!	1
¡Pensé que Errol Flynn era brillante como Custer y desde entonces se ha convertido en mi actor favorito!	1
Su actuación junto a Olivia De Havilland fue brillante y el final fue fantástico.	1
Siempre supe que Errol Flynn era un actor brillante, ya que era el actor favorito de mis papás, y crecí viendo sus películas de niño.	1
Pero no fue hasta que vi esta película que me di cuenta de lo bueno que era en realidad.	1
¡Le daré a esta película 10 de 10!	1
Sé que Jim O'Connor era muy enérgico y que nadie podía ser tanto como él, pero George estaba muy aburrido.	0
"Realmente no parecía querer ser anfitrión	 sus voces en off fueron monótonas, no se involucraron con los invitados."	0
El encantador y pequeño thriller de Hitchcock, con muchos chanchullos que rodean a un espía asesinado, un niño secuestrado, una iglesia desagradable, un complot extranjero y algunos taxidermistas al azar.	1
Jimmy Stewart es, como siempre, un gran héroe para Hitchcock, la historia llega a su clímax en una función de embajada, pero carece de la amenazante amenaza del original en blanco y negro y bajo presupuesto de Hitchcock.	1
Sin embargo, otra película maravillosa del establo del gran maestro.	1
¡Tengo que decir que esta película fue excelentemente producida y encabeza las clasificaciones como una película de ciencia ficción típica!	1
Excelente producción de uno de los mejores productores de ciencia ficción Scot Vandiver.	1
Pero es entretenido, sin embargo.	1
Es una especie de película de campiña que es una alegría ver.	1
Apenas hay un momento aburrido en la película y hay muchas partes cómicas.	1
El elenco es siempre entretenido como siempre.	1
En general, una delicia!	1
Esta película es tan espantosamente horrible que ni siquiera podría haber sido creada.	0
La película carece de miedo o tensión real y parte de la terminología médica utilizada es un poco dudosa por decir lo menos y lo digo como diabético dependiente de la insulina.	0
Cuanto menos se diga sobre la actuación, mejor.	0
Esta película hace un excelente trabajo al revelar la complejidad de la tarea y los increíbles desafíos que enfrenta Sudáfrica.	1
Creo que todos deberían ver esta película, ya que creo que pocas personas fuera de Sudáfrica entienden su pasado y lo que se está intentando en el proceso de Verdad y Reconciliación.	1
Nada menos que magnífica fotografía / cinematografía en esta película.	1
La actuación es fantástica, las historias se entretejen a la perfección y los perros son espléndidos ... A debe alquilarse, ver o ver.	1
No tenga miedo de los subtítulos ... vale la pena un poco de terapia de aversión 10/10	1
Excelente actuación.	1
¡Todavía hay buenos actores alrededor!	1
También gran dirección y fotografía.	1
Muy fiel a Shakespear, y un 'must' para todos los fanáticos de Shakespear.	1
Macbeth (Jason Connery) me conmovió hasta las lágrimas con su monólogo final (apagó brevemente la vela). Dio a la esfera de decadencia moral y fuerzas oscuras un rostro humano, lo que lo hace más interesante.	1
Helen Baxendale es una dama muy creíble, Macbeth, que puede ser muy alegre a veces y, a veces, parece una niña traviesa, pero mortal en su gusto por la sangre y el mal.	1
Si amas la muerte y la decadencia, y las letras de Shakespears ... esta es la única.	1
Esta es una ingeniosa y encantadora adaptación del libro del Dr. Seuss, brillantemente animada por el mejor Premio de la Academia de UPA.	1
Se debe hacer una mención especial a la excelente música y los efectos de sonido, que son un elemento integral para ayudar a hacer de esta una historieta tan memorable y agradable.	1
Sin embargo, Paul Schrader ha hecho una película sobre Mishima que es a la vez excelente y compleja.	1
También es notable la cinematografía bellamente nítida y bellamente coloreada de John Bailey y el gran diseño de producción y vestuario de Eiko Ishioka, quien se encargó de hacer los trajes memorables para Dracula de Coppola por los que recibió un Oscar bien merecido.	1
Incluso teniendo en cuenta los valores de producción pobres para el momento (1971) y el formato (algún tipo de miniserie), esto es baaaaaad.	0
A menos que solo sea para recopilar visualmente todas las películas existentes del trabajo de Austen, puede omitir esta.	0
Sin embargo, si lo ves, hay pequeños consuelos: las actrices que interpretan a las hermanas de Anne hacen un trabajo maravilloso con sus roles.	1
No es bueno.	0
Hablando de la música, es insoportablemente predecible y kitchy.	0
Entonces la película acaba de caer la pelota.	0
Esta es una película impresionante.	1
Cruda y sublimemente conmovedora.	1
Se sentía como una obra de teatro inteligente y muy apasionante (pero sin la sensación demasiado teatral que realmente se siente al ver a la gente en un escenario) que juega con el terror de todos de una mentira blanca que se eleva a consecuencias monstruosas.	1
Todos los jugadores principales son fascinantes.	1
Tom Wilkinson rompió mi corazón al final ... y todos los demás juzgan por la torpeza de los pañuelos y las manos que se enfrentan a hombres y mujeres por igual.	1
Julian Fellowes ha triunfado de nuevo.	1
Es un tesoro nacional.	1
¡VE Y VÉLO!	1
Esta es una película excelente.	1
Las escenas aéreas estaban bien hechas.	1
También era el equilibrio justo entre la guerra y el amor.	1
La película le da sentido a la frase: Nunca en la historia de los conflictos humanos tanto se ha debido tanto a tan pocos.	1
Kris Kristoffersen es buena en esta película y realmente hace una diferencia.	1
¡Una buena película de un gran director!	1
Este es definitivamente uno de los mejores documentales que he visto sobre las relaciones familiares y el matrimonio.	1
Hay muchos errores de continuidad: otro usuario comentó sobre diferentes autos en el garaje, las gafas de Joe ... el que más me llamó la atención fue el hecho de que la configuración del vello facial de Joe parecía cambiar de escena a escena.	0
Esto es sólo una gran película.	1
10 de 10 estrellas.	1
No puedo ver cómo esta película puede ser una inspiración para que cualquiera pueda salir o superar el miedo y el rechazo.	0
Es tan malo que realmente vale la pena verlo solo por esa razón.	0
Punishment Park es una brillante pieza de cine.	1
Filmado en el desierto del sur de California con su patente de falso estilo documental, Watkins crea una película como ninguna otra.	1
Esta es una de las películas más accesibles de Peter Watkins.	1
Te aconsejo que lo cuides.	1
¡No te arrepentirás!	1
Muy recomendable A +	1
Bueno ... solo si sigues pensando en lo malo que es.	0
Es un pedazo de basura mediocre, miserable, hueco, risible y predecible.	0
Es un caso de 'tan malo que es ridículo'.	0
) muy mal desempeño juega Angela Bennett, una experta en computación que está en casa todo el tiempo.	0
Es una película sobre nada, solo un pretexto para mostrar escenas de acción ridículas.	0
¡Qué horrible es ella!	0
Pero sigue siendo una mala actriz, repitiendo los movimientos de su rostro robótico en cada una de sus imágenes.	0
Los resultados, bueno, son una vergüenza.	0
¡ELIMINA esta película de tu mente!	0
Uno de los peores shows de todos los tiempos.	0
El show comenzaría con comentarios inteligentes que serían totalmente fuera de lugar y fuera de lugar.	0
El gordo geek de la computadora era increíble, el golpeador de la biblia, la chica mala, ¿quiénes son estos actores?	0
Nunca he oído hablar de ninguno de ellos, excepto Cole, que era totalmente increíble en la parte.	0
Cada vez que él abrió la boca que esperas oír, ves a los niños ... Sacar el tapón fue un asesinato piadoso para este espectáculo horrible.	0
Las historias eran tan increíbles como los actores.	0
Lame sería la mejor manera de describirlo.	0
Stanwyck y Morgan están perfectamente fundidos en lo que es, en muchos sentidos, un equivalente moderno al villancico de Dickens en su sensibilidad.	1
El éxito de la película depende del casting de Sydney Greenstreet como el personaje de Alexander Yardley.	1
El atractivo conjunto utilizado en la mayor parte de la película es una joya agradable a la vista.	1
También soy un gran fanático de los juegos de rol, pero esta película es una vergüenza para cualquier RPG que se precie.	0
Las líneas, los cortes, el audio, todo está mal.	0
Puedes encontrar mejores películas en youtube.	0
Línea superior: no pierda su tiempo y dinero en esto, es tan malo como viene.	0
Una película de Lassie que debería haberse puesto a dormir ... PARA SIEMPRE.	0
Así es como describiría esta dolorosa y triste pérdida de tiempo de una película.	0
Tan mediocre en todos los aspectos que simplemente se convierte en un desastre aburrido y sin interés, esta es una de las películas más olvidables que he visto.	0
Ni siquiera es un logro como una película tan mala es buena o tan mala es memorable.	0
Es una cáscara vacía y hueca de una película.	0
En serio, no vale la pena desperdiciar tu tiempo o el de tus hijos.	0
¡Evita, evita, evita!	0
Te volverá loco ladrar!	0
Los traslados son muy buenos.	1
Muy agradable y relajante tarde por la noche viendo.	1
La película está llena de maravillosos bailes (de ahí el título!	1
) un poco de buena música, y un paisaje fantástico.	1
Maneja algunos problemas difíciles con dignidad y gracia, y, por supuesto, tiene (¡spoiler impactante aquí!	1
) un final feliz, maravilloso, se siente bien!	1
El punto es el viaje, un viaje que toca a todos los miembros de la familia.	1
Es una de las películas que necesito ver cada vez que aparece en la televisión ... ¡no importa el hecho de que ya lo tengo memorizado!	1
Nada nuevo allí.	0
Eso se hizo en la segunda película.	0
La película casi no tiene escenas de acción y muy poca comedia.	0
La trama tiene más agujeros que un par de medias de red y la dirección y la edición son asombrosamente puñetazos.	0
¿Qué diablos está haciendo Irons en esta película?	0
Acabo de ver esta película y la recomiendo.	1
Tiene una trama muy buena, tiene toda su atención, la actuación es excelente, Tom Wilkinson fue fantástico y Emily Watson también fue muy buena.	1
Una muy buena película, de verdad, sobre un gran amor incondicional.	1
El personaje de Tom Wilkinson es un hombre que no está preparado para la dura prueba que está a punto de comenzar, pero toma el asunto en la mano a medida que avanza la historia, y este gran actor ofrece una actuación que te hace sentir la angustia y el sufrimiento del personaje.	1
El personaje de Emily Watson es muy fuerte, y solo tiene que echarle un vistazo rápido y usted entiende todo.	1
A pesar de las críticas de los críticos, me gustó esta película.	1
De hecho, me gustó más que Entrevista con un vampiro y me gustó este Lestat (Stuart Townsend) más que el intento de Cruise.	1
Aailiyah era bastante buena como Akasha, en lugares atractivos (su primera escena de entrada y mini baile).	1
Soy un gran fan de esta serie debido principalmente al estilo, las sensibilidades y los tratamientos de Anne Rice.	1
Supongo que me gustaron los detalles de su disfunción, era creíble.	1
Las escenas de fútbol al final fueron desconcertantes.	0
Pero pensé que su actuación era hábil.	1
Meredith M era mejor que todo bien.	1
Una película muy encantadora con un maravilloso sentimiento y corazón.	1
Es raro que un cineasta se tome el tiempo de contar una historia moral digna con cuidado y amor que no caiga en la trampa de ser demasiado meloso o demasiado indulgente.	1
Nueve de cada diez para una película verdaderamente encantadora.	1
Esta temprana película del futuro goremeister Lucio Fulci es una muy buena adición al subgénero giallo.	1
Este es uno de los mejores thrillers italianos de principios de los 70's.	1
Una escena sobresaliente.	1
Esta escena es muy fuerte y desagradable.	0
Técnicamente, la película está bien hecha con un impresionante trabajo de cámara, una actuación sólida y una música eficaz de Riz Ortolani. Una voz femenina no acompañada recurrente que suena como si viniera de una colina lejana.	1
Sin embargo, sigue siendo algo salvaje y es muy recomendable para los fanáticos del cine giallo.	1
La película fue muy interesante de principio a fin.	1
Me gustó la forma en que el personaje de Dustin Hoffman estaba listo para hacer casi todo para quedarse con su hijo.	1
Esta película también es reveladora.	1
Personalmente, creo que muestra que las personas deben aprender a encontrar un compromiso sin involucrar a otras personas en el tema.	1
Y fue aburrido.	0
Estoy tan cansada de los clichés que es solo una escritura perezosa, y aquí vienen de forma rápida y espesa.	0
PD: la única escena en la película que fue genial es cuando el personaje central encuentra su habitación estallada.	1
Es un efecto fresco, sutil y bastante sublime.	1
Un crítico italiano llamó a esta una pequeña película genial, y eso es correcto.	1
Todos los actores brindan una maravillosa actuación, especialmente Jennifer Rubin como Jamie Harris, quien se transformó de la estrella nerviosa al principio a través de los eventos extraños de los que es parte en la estrella fría.	1
Aprendes mucho sobre las verdaderas emociones internas de las personas en esta película, y mucho sobre el negocio cinematográfico en sí.	1
La película en situaciones de películas al principio y durante el juego que juega con ella el entrenador interino es fascinante.	1
También la música de Mark Snow es posiblemente la mejor partitura que he escuchado.	1
¡No olvidarás esta película!	1
¿Por qué se hizo esta película?	0
La película tiene un aspecto ultra-barato.	0
El resultado es una película que simplemente no se ve bien.	0
Ninguno de ellos es atractivo o emocionante.	0
La trama es una tontería que no le interesa en lo más mínimo ni tiene ninguna singularidad.	0
El extranjero no vale ni un segundo de tu tiempo.	0
Lo vi como un niño en la televisión en 1973, cuando era The Stranger y me encantó.	1
Pero el dúo entre el astronauta y su médico al comienzo de la película es un intercambio perfecto si se considera que esta película se realizó durante la Guerra Fría y el mayor temor de los astronautas es que se haya estrellado en la URSS.	1
¡Esta película es tan impresionante!	1
Me encantó, fue realmente aterrador.	1
Me encantan las películas de Scream y todas las películas de terror, y esta se ubica muy arriba.	1
Si quieres un verdadero miedo alquila este!	1
10/10	1
Esta es una película extraordinaria.	1
Como un drama judicial, es convincente, como una acusación al sistema de justicia estadounidense, es aterrador.	1
Esta película destaca los defectos fundamentales del proceso legal, que no se trata de descubrir la culpa o la inocencia, sino que trata de quién se presenta mejor en el tribunal.	1
La película tiene buen ritmo, es discreta y es uno de los mejores documentales de la corte que he visto.	1
Este drama televisivo, en su mayoría de rutina, se ve impulsado por el excelente desempeño de Cole.	1
Predecible, pero no es un mal reloj.	1
Estaba claro que ella tenía el alcance y la capacidad para llevar a cabo esta parte.	1
Ella lleva bien la película.	1
Constantino le da a todo la intensidad correcta y parece tener una buena comprensión de las motivaciones psicológicas subyacentes.	1
Es maravilloso e inspirador verlo, y espero que se publique nuevamente en un video o DVD.	1
La forma en que se lanzó esta basura fue más allá de mí: la actuación, la historia, los personajes, los efectos supuestamente especiales, etc. Todo está mal.	0
De hecho, este hedor huele a un lanzamiento directo a video.	0
Evitar a TODOS los costos!	0
Star Trek V La última frontera es la peor de la serie.	0
La actuación de todos los involucrados y eso incluye a aquellos como Shatner y Nimoy es malo, se lava y hace que parezcan tan viejos como se ven en la vida real, los efectos especiales son pegajosos, como cuando Spock tiene que rescatar a Kirk en un jet pack cuando cae. desde una montaña.	0
Los intentos de humor fueron lamentables y la historia es tan horrible que no puedo pensar en lo que básicamente involucra a un vulcano que roba el Enterprise para encontrar a Dios (en serio) simplemente no me importaba nada de esta película y oh no mencionar que lo hace Uhura Una danza del vientre para distraer a los guardias masculinos.	0
El único lugar bueno para esta película es en la basura.	0
El peor de la serie.	0
Edición: La edición de esta película fue fenomenal en mi opinión.	1
Cuando una canción podría explicar mejor las emociones de los sujetos, como cuando la desafortunada vida de Jay Adams fue tema de conversación, se interpretó la canción Old Man de Neil Young, que evoca muchas emociones.	1
Cinematografía: La película fue filmada de una manera interesante.	1
Por supuesto, las imágenes de los años 70 fueron granulosas, pero eso solo mejoró la película.	1
Esta película ofrece muchas delicias y sorpresas.	1
Cuando Achille y Philippa cantan bellamente un dueto de Don Giovanni que describe perfectamente su situación en la película, aprecias las capas sutiles de esta excelente película.	1
La historia se desarrolla en el siglo XVIII en Jutlandia y el uso de música de época tocada en instrumentos de época es solo un toque fino más.	1
Usted comparte la alegría exquisita del general Loewenhielm en su participación de Cailles en Sarcophage a pesar de que solo está viendo una película, pero solo desea una pequeña muestra para saborear.	1
Pero esta película discreta deja una impresión duradera.	1
La calidez que genera contrasta con el austero telón de fondo.	1
Saldrás del teatro con ganas de salir a bailar bajo las estrellas.	1
La actuación, como cabría esperar de este reparto, es de primera clase.	1
Los personajes se desarrollan sorprendentemente bien, particularmente Grimes y Blake, y todos los actores presentan sus líneas marcadas con guiones con la cantidad justa de lenguaje inexpresivo para hacer que el diálogo sea hilarante y realista.	1
Angus Scrimm también se desempeña bien en un papel breve pero memorable como el anatomista violento y amenazador, el doctor Quinn.	1
Conclusión - me encantó.	1
Hace mucho tiempo que no estaba entretenida con una película.	1
Lucho por encontrar algo malo que decir al respecto.	1
Mark my words, esta es una de esas películas de culto como Evil Dead 2 o Phantasm que la gente aún descubrirá y se enamorará con 20, 30, 40 años en el futuro.	1
Es bastante sorprendente que esta maravillosa película se hiciera en 1949, ya que Hollywood en general tenía sus cabezas colectivas en la arena sobre temas en blanco y negro en ese momento.	1
La película merece un gran reconocimiento por tomar esta posición, por tener una actuación excepcional de su elenco menos conocido y por el guión súper inteligente que no insulta a la audiencia ni toma el camino fácil cuando se trata del racismo blanco.	1
Además, con el presupuesto bastante modesto y el rápido tiempo de ejecución de la película, ¡hace un trabajo increíble!	1
Juano Hernández (un actor excepcional que desempeñó papeles secundarios en muchas películas de la época) es un hombre negro orgulloso que está acusado de asesinar a un hombre blanco en el sur.	1
Trumbull en I LOVE LUCY).	1
Míralo con tus hijos si tienes una oportunidad: abrirá un diálogo asombroso sobre hasta qué punto han llegado las relaciones raciales en los últimos 50 años.	1
Ver ambas películas si puedes.	1
Sin embargo, fue ese año el que nos recordó que Huston todavía estaba en la cima de su juego, como lo demuestra su fiel adaptación de la aclamada novela de James Joyce, The Dead.	1
Sentimientos, pensamientos ... La incomodidad de Gabriel durante el baile ... todos estos intangibles saltan a la vida y llegan al alcance del espectador en la representación de Huston.	1
Muy decepcionado y se preguntó cómo podría estar en la lista de los Oscar.	0
Es muy lento.	0
"Muchos agujeros en la trama: no hay nada sobre cómo se convirtió en el emperador	 Nada de donde pasó 20 años entre su infancia y su edad madura."	0
) No pierdas tu tiempo.	0
End of Days es una de las peores películas de acción de gran presupuesto que he visto.	0
Seguramente no sabe cómo hacer una película de acción coherente del guionista de Air Force One, que solo estaba obligado a escribir el guión por una gran suma de dinero.	0
Esta fue una de las peores películas que he visto en mi vida.	0
Todavía estoy tratando de superar lo malo que fue.	0
Esta película es posiblemente una de las obras de terror más creativas de la historia.	1
Tiene todo lo que pueda desear: suspenso, drama, comedia, parcelas confusas, nativos americanos, cerebros ... Si está buscando el todo, el final de todas las películas de cerebros, no busque más.	1
 Con excelentes efectos de sonido e impresionantes efectos especiales, no puedo recomendar esta película lo suficiente.	1
Llámame loco, pero creo que esta es una de las mejores películas de la historia.	1
Grandes actores del personaje Telly Savalas y Peter Boyle.	1
1 hora y 54 minutos de puro tedio, melodrama y actuación horrible, un lío de un guión y un sentimiento de hundimiento de BUEN SEÑOR, ¿QUÉ PENSABAN?	0
Muchos agujeros en el guión.	0
Es como una mala película de televisión de dos horas.	0
Ahora imagine que todas y cada una de esas decisiones se tomaron mal.	0
El diálogo es atroz.	0
La actuación está más allá de lo abismal.	0
Todo apesta	0
El problema es que la escritura y la dirección hacen que sea imposible establecer aquellas cosas que hacen que una película sea visible, como el personaje, la historia, el tema, etc.	0
Peor aún, hay una trama secundaria increíblemente débil que sigue a una pequeña banda de mansonitas de los últimos días que persiguen a un reportero que está trabajando en una historia sobre el aniversario de los asesinatos.	0
Es tonto y sin sentido, y una completa pérdida de tiempo.	0
En resumen, no te molestes con esta película.	0
No lo estropearé, pero el final es bastante sorprendente.	1
La mejor escena de la película es al final, pero no la estropearé.	1
Si alguna vez hubo una indicación de la capacidad de un escritor y un director para fusionar dos temperamentos altamente volátiles en una unión perfecta de creatividad, ¡entonces esto es todo!	1
El resultado es un logro poderoso, hecho más oportuno ahora tal vez debido a la fascinante fascinación de nuestra cultura por la celebridad, y sus interpretaciones distorsionadas de la fama.	1
Una película que no se olvida fácilmente.	1
Pero, Kevin Spacey es un excelente tsunami verbal como Buddy Ackerman y es totalmente creíble porque es un gran actor.	1
Los guiones de la sutil comedia no tienen parangón con ninguna película en los últimos años.	1
Los personajes son interesantes, aunque un poco predecibles.	1
Muy recomendado para todas las edades, aunque el conjunto más joven probablemente no apreciará algunas de las referencias más sutiles, ¡sin duda apreciarán una escena de galera en particular!	1
¡Gran pelicula!	1
También la historia y la actuación fueron débiles.	0
Alrededor de las 4 pm Lo compré, alrededor de las 8 pm Comencé a mirar, alrededor de las 8:15 pm Avancé rápidamente la película restante para ver si quedaba algo visible para un ser humano con cerebro ... pero no lo había.	0
De cualquier manera, apesta.	0
El guión es terriblemente estúpido.	0
La historia comienza demasiado rápido sin ningún tipo de suspenso o acumulación en lo más mínimo.	0
Todo lo que dice el capitán Howdy es ridículo o simplemente estúpido.	0
¡¿Qué clase de mierda es esa ?!	0
Luego, están los agujeros de la trama.	0
¡Podrías conducir un camión en estos agujeros!	0
Linda Cardellini es lo único bueno en esta película.	1
Ella está preparada y es increíble.	1
Dee Snider simplemente apesta.	0
No puede actuar (uno de los villanos menos temibles que he visto), no puede escribir (¿escribió esta maldita película mientras dormía?	0
Me aburrí durante toda la maldita cosa.	0
La actuación apesta, la música apesta, el guión apesta, el ritmo apesta, el FX especial chupa, la dirección apesta ... básicamente, esta película apesta.	0
Esta película trata de ser una película de suspenso / horror seria y sofisticada y falla estrepitosamente.	0
Esta es probablemente una de las películas menos efectivas y absolutamente poco originales que he visto en toda mi vida.	0
Un pedazo de basura cinematográfica capturado en celuloide.	0
Evitar a cualquier costo.	0
En cualquier caso, esta película apesta, no es graciosa, y Fulci debería haberse quedado con giallo y películas sobrenaturales de zombies.	0
Evita esta película a toda costa.	0
No sé qué pasó en la quinta temporada, qué desastre.	0
El único hilo consistente que mantuvo la serie unida fueron las increíbles actuaciones de Leni Parker y Anita LaSelva como las dos Taelons en un conflicto silencioso ideal.	0
Ahora esta es una película que realmente me disgusta.	0
Es una de las películas de terror más aburridas de los años 90, principalmente porque comienza lento y se centra en una atmósfera aburrida.	0
Las marionetas se ven muy cursis, no de una buena manera como en las películas de los 80 de Puppet Master.	0
La historia es escasa, no interesante y NUNCA explica realmente los orígenes siniestros de los títeres.	0
No hay escenas de muerte como en películas anteriores y los f / x son terribles.	0
Me sentí dormido la primera vez que lo vi, por lo que puedo recomendarlo para los insomnes.	0
El hecho es que esta película es una historia maravillosa y conmovedora sobre dos personas que persiguen sus sueños.	1
La mejor parte de la enfermera Betty es su imprevisibilidad.	1
El director Neil LaBute usa la violencia brutal para separar los sueños de la realidad, y junto con el drama conmovedor y la comedia hilarante, nunca se puede decir qué sucederá a continuación.	1
De lo contrario, ni siquiera pierdas tu tiempo en esto.	0
Éste simplemente no logra crear ningún suspenso real.	0
En cuanto al asesino, no esperes nada original ni remotamente aterrador.	0
Hay, sin embargo, bastante buena actuación (al menos, para este tipo de película).	1
Lo siento mucho, pero realmente no puedo recomendarlo a nadie.	0
Una de las películas más aburridas y sin sentido que he visto en mi vida.	0
La línea de trazado secundaria es incomprensible y su relación con la línea de trazado principal es desconcertante.	0
Lo odié.	0
Esta es una de las peores películas de Sandra Bullock desde Speed ​​2, pero no tan mala.	0
No entiendo cómo llegó esta basura a los estantes de la tienda de películas, ¡ni siquiera es una película real!	0
Dudo mucho que a nadie le guste esta basura.	0
Esto no es hacer películas.	0
Actuar es como ver marionetas de madera moverse y leer un libro, eso es lo malo que es.	0
Así que estoy aquí para advertirte: NO ALQUILES ESTA PELÍCULA, ¡es la cosa más tonta que nunca has visto!	0
El otro día vi este cortometraje en HBO y me encantó.	1
No me di cuenta de lo maravilloso que es realmente el corto hasta las dos últimas escenas.	1
Excelente cortometraje.	1
Con suerte, el director James Cox puede convertir el corto en un largometraje con el mismo reparto, o ganarnos con una nueva película.	1
Estoy de acuerdo con Jessica, esta película es bastante mala.	0
Los personajes son unidimensionales, incluso los buenos y especialmente los malos.	0
La línea de la historia es totalmente predecible.	0
No mucho diálogo, no mucha música, toda la película fue filmada tan elaborada y estéticamente como una escultura.	1
He visto telenovelas más inteligentes que esta película.	0
Malos personajes, mala historia y mala actuación.	0
Realmente terrible.	0
No es fácil de ver.	0
Divertido, inteligente, a la moda - ¡como la película anterior de Pray, Hype!	1
Hace mucho tiempo que no veía a un actor tan carismático en la pantalla.	1
Paolo Sorrentino ha escrito una maravillosa historia sobre la soledad y Tony ha creado uno de los personajes más inolvidables que se han visto en las películas en los últimos años.	1
La película no es completamente perfecta, pero 'Titta Di Girolamo' se quedará contigo durante mucho tiempo después de la visión de la película.	1
Califico esta película 9/10.	1
No sé si este fue el debut como director de Emilio Estevez, pero el ritmo, la interacción y el desarrollo de los personajes, así como el trabajo de cámara inteligente que rodea al personaje que interpreta Estévez, sugieren un ojo natural.	1
La interacción entre Martin y Emilio contiene la misma química maravillosa que vimos en Wall Street con Martin y Charlie.	1
"Kathy Bates es maravillosa en sus personajes sutil desesperación y escapismo	 una variación de su personaje en At Play In The Fields Of The Lord."	1
Para los lectores que ya han visto una de las películas de Miyazaki: aún se encuentra en plena forma e hizo otra experiencia valiosa.	1
Nunca condesciende, todos los personajes tienen buenos corazones genuinos y problemas creíbles.	1
Los dos personajes principales pueden ser dos de los niños más creíbles que he visto en pantalla.	1
Son tan fáciles de amar, pero aún más fáciles de identificar.	1
Esta película es genial, especialmente si disfrutas de las artes visuales.	1
El paisaje que pintan y fotografían las dos hijas es hermoso.	1
La historia también es divertida y conmovedora a veces.	1
A las personas que les gustan las películas europeas y las películas de arte les gustará esta película.	1
Esta es realmente una película de arte, en realidad tiene mucho arte.	1
Ve a alquilarlo.	1
Sin embargo, después de ver finalmente esta película, me di cuenta de que no solo tenía la mente cerrada ante el brillo que representa, sino que también me encontraba observándola una y otra vez.	1
Es la única película que nunca deja de interesarme, simplemente porque me mantiene alerta, mientras trato de descifrar su significado.	1
La brillantez de hecho.	1
Pero si te gustaron películas como The Matrix (y, mejor aún, sus secuelas), creo que apreciarás la experiencia provocadora de pensamientos que te dará esta película.	1
Piensa que la película es como un sueño.	1
Simplemente hermoso.	1
Tanto Rickman como Stowe desempeñan sus papeles al máximo en esta historia de un escritor de libros para niños que ... ¿quizás? - ha escrito un tramo subversivo.	1
Es una representación gloriosamente divertida, de ritmo rápido y bastante precisa de la noche de un raver.	1
Presenta un retrato idílico pero serio de los altibajos de las vidas de los personajes.	1
Hagas lo que hagas, evita a Groove, ya que es la antítesis de todo lo que es bueno sobre el tráfico humano.	0
Es una lástima que todos los demás involucrados no compartieran el nivel de dedicación de Crowe a la calidad, ya que si lo hicieran, tendríamos en nuestras manos una película mucho mejor que este pequeño desastre.	0
La película parecía un poco lenta al principio.	0
Pero se aceleró y llegó directo al punto.	1
Mostraba exactamente cómo el gobierno y el científico defendían la humanidad y las razones del artilugio.	1
Me gustó mucho.	1
Se lo he recomendado a mis amigos.	1
Estaba particularmente satisfecho con la capacidad de actuación de Dwight Schultz.	1
Ambos actores realmente entienden y se convierten en su personaje particular, ofreciendo un desempeño convincente y sincero.	1
Su química en pantalla, crítica para toda la película, es genuina.	1
El diálogo de la película es natural, real a la vida.	1
El escritor, Gorman Bechard, sin duda hizo su tarea porque todas las referencias son apropiadas para la industria y el carácter.	1
La increíble banda sonora captura verdaderamente la esencia de la película.	1
Cada pista ordena sentimientos, contribuyendo realmente a las escenas y personajes.	1
Definitivamente vale la pena verlo, es el tipo de película que provoca pensamientos que te obliga a cuestionar tu propio umbral de la soledad.	1
La última y octava película de Hayao Miyazaki para Studio Ghibili, Gake No Ue No Ponyo (Ponyo en el acantilado junto al mar) es una mirada maravillosamente divertida e imaginativa de la infancia.	1
En un momento en el que parece que la animación cinematográfica ha sido dominada por las obras maestras CGI de Disney / Pixar, es reconfortante saber que Miyazaki aún confía en la animación tradicional dibujada a mano para contar sus encantadoras y encantadoras historias.	1
No se puede decir lo suficiente de la notable animación en esta película.	1
El estilo artístico tiene la apariencia de dibujos con crayones / lápices y es maravillosamente colorido y fantasioso.	1
¡Si actúas en una película de este tipo, deberías alegrarte de que te alejes lo más posible de la Tierra!	0
Este quiere surfear en la pequeña ola de películas espaciales en 1998 (Deep Impact y Armageddon), y esta falla en todas partes.	0
Si no se ha atragantado con su propio vómito al final (por todo el drama barato y el diálogo sin valor), debe haberse aburrido hasta la muerte con esta pérdida de tiempo.	0
Aún así, compensa todo esto con un súper final que muestra a una gran embarcación marítima siendo sacada por la poderosa escarcha.	1
Simplemente considere la excelente historia, la actuación sólida y el aspecto de la película como bonificaciones adicionales.	1
En su lugar, obtuvimos un aburrimiento sobre un niñero mimado y mimado.	0
Luego lo volví a ver hace dos domingos (20 de marzo de 2005) y comencé a disfrutarlo y esta vez grabé todo.	1
Es una película de televisión muy bien actuada y hecha.	1
Judith Light es una de mis actrices favoritas y creo que hace un trabajo excelente en esta película.	1
Lo sigo viendo una y otra vez.	1
Es una película triste, pero muy buena.	1
Si no has visto esta película, definitivamente la recomiendo!	1
Ella es tan hermosa como siempre, esta linda!	1
Aún así es bastante interesante y entretenido de seguir.	1
"	) Recomienda con confianza!"	1
Esta película está bien equilibrada con comedia y drama y yo mismo lo disfruté.	1
Fue un motín ver a Hugo Weaving interpretar a un vendedor de bienes raíces gay obsesionado con el sexo que usa las casas de sus clientes para sus encuentros con el Darren (Tom Hollander).	1
:) De todos modos, la trama fluyó sin problemas y las escenas de unión masculina fueron desternillantes.	1
La secuencia de apertura de esta gema es un clásico, y los juegos de gato y ratón que siguen son una delicia para ver.	1
Los fanáticos del género estarán en el cielo.	1
Lange se había convertido en una gran actriz.	1
Parecía una historia maravillosa.	1
Nunca salí de una película más rápido.	0
¡Me aburrí viendo a Jessice Lange quitarse la ropa!	0
Desafortunadamente, cualquier virtud en el trabajo de producción de esta película se perdió en un guión lamentable.	0
En una palabra, es vergonzoso.	0
¡Excepcionalmente malo!	0
En general, es un insulto a la inteligencia de uno y una enorme pérdida de dinero.	0