Wow ... Me encantó este lugar.	1
La corteza no es buena.	0
No sabroso y la textura era simplemente desagradable.	0
Me detuve durante las vacaciones de fines de mayo a las recomendaciones de Rick Steve y me encantó.	1
La selección en el menú era genial, al igual que los precios.	1
Ahora me estoy enojando y quiero mi maldito pho.	0
Honestamente no sabía tan fresco.)	0
Las papas eran como caucho y se notaba que se habían preparado antes de tiempo y que se mantenían debajo de un calentador.	0
Las patatas fritas también eran geniales.	1
Un gran toque.	1
El servicio fue muy rápido.	1
No volvería	0
Al cajero no le importaba lo que fuera, y lo que tenía que decir era que todavía era demasiado caro.	0
Probé el ravoli de Cape Cod, pollo, con arándano ... mmmm!	1
Estaba disgustado porque estaba bastante seguro de que era cabello humano.	0
Me sorprendió porque no hay signos que indiquen sólo efectivo.	0
Muy recomendable.	1
La camarera fue un poco lento en el servicio.	0
Este lugar no vale la pena su tiempo, y mucho menos Vegas.	0
No me gustó en absoluto.	0
Los Burrittos Blah!	0
La comida, increíble.	1
El servicio también es lindo.	1
Podría importarme menos ... El interior es simplemente hermoso.	1
Así lo realizaron.	1
Así es ... el pastel de terciopelo rojo ... ohhh, esto es muy bueno.	1
- Nunca trajeron una ensalada que pedimos.	0
Este agujero en la pared tiene excelentes tacos mexicanos y un personal amable.	1
Tardé una hora en conseguir nuestra comida, solo 4 mesas en el restaurante, mi comida estaba tibia con Luke, nuestro servidor estaba corriendo como si estuviera totalmente abrumado.	0
Lo peor fue el sashimi de salmón.	0
También hay combos como una hamburguesa, papas fritas y cerveza para 23, que es un trato decente.	1
¡Esto fue como el golpe final!	0
Encontré este lugar por accidente y no podría estar más feliz.	1
parece un buen lugar rápido para comer algo de comida familiar de pub, pero hazte un favor y busca en otro lado.	0
En general, me gusta mucho este lugar.	1
La única calidad redentora del restaurante fue que era muy barato.	1
Amplias raciones y buenos precios.	1
Mal servicio, el camarero me hizo sentir como una estúpida cada vez que venía a la mesa.	0
¡Mi primera visita a Hiro fue una delicia!	1
El servicio apesta.	0
Los camarones tiernos y húmedos.	1
No hay un trato lo suficientemente bueno que me arrastre de nuevo a ese establecimiento.	0
Es difícil juzgar si estos lados eran buenos porque el poliestireno derretido nos asaltó y no queríamos comerlo por miedo a enfermarnos.	0
En una nota positiva, nuestro servidor fue muy atento y ofrece un gran servicio.	1
Pucks congelados de disgusto, con algunas de las peores personas detrás del registro.	0
Lo único que me gustó fue la costilla y la sección de postres.	1
Es una pena que la comida sea tan genérica.	0
La hamburguesa es buena carne, cocinada a la perfección.	1
Si quieres un sándwich solo ve a cualquier Firehouse !!!!!	1
Mi ensalada griega con el aderezo griego era muy sabrosa, y la pita y el hummus eran muy refrescantes.	1
Pedimos el pato raro y era rosado y tierno en el interior con una buena charla en el exterior.	1
Él vino corriendo detrás de nosotros cuando se dio cuenta de que mi esposo había dejado sus gafas de sol sobre la mesa.	1
Su chow mein es tan bueno!	1
Tienen actitudes horribles hacia los clientes y hablan de ellos cuando los clientes no disfrutan de su comida.	0
La porción era enorme!	1
Me encantó ... servidores amables, excelente comida, menú maravilloso e imaginativo.	1
El Heart Attack Grill en el centro de Las Vegas es una excusa absolutamente plana para un restaurante.	0
No mucho marisco y como 5 cuerdas de pasta en el fondo.	0
La ensalada tenía la cantidad justa de salsa para no sobrecargar la vieira, que estaba perfectamente preparada.	1
El plátano rasgado no solo estaba rasgado, sino petrificado y sin sabor.	0
Al menos piensa en rellenar mi agua antes de que luche para hacerte un saludo durante 10 minutos.	0
Este lugar recibe estrellas para sus APETIZADORES !!!	1
Los cócteles son todos hechos a mano y deliciosos.	1
Sin duda volveremos aquí de nuevo.	1
Estamos muy contentos de haber encontrado este lugar.	1
Buena comida y servicio, raciones enormes y dan un descuento militar.	1
¡Siempre un buen momento en Dos Gringos!	1
Actualización ..... volví por segunda vez y todavía era igual de increíble	1
Conseguimos la comida y al parecer nunca han oído hablar de sal y la masa del pescado era masticable.	0
Una gran manera de terminar un gran.	1
El acuerdo incluyó 5 degustaciones y 2 bebidas, y Jeff fue más allá de lo que esperábamos.	1
- Realmente, realmente buen arroz, todo el tiempo.	1
El servicio fue meh.	0
Tomó más de 30 minutos conseguir su batido, que no era más que leche de chocolate.	0
Supongo que debería haber sabido que este lugar apestaría, porque está dentro del Excalibur, pero no usé mi sentido común.	0
El plato de vieira es bastante atroz por su valor también.	0
2 veces - Muy mal servicio al cliente!	0
Las batatas fritas eran muy buenas y bien condimentadas.	1
Hoy es la segunda vez que he estado en su buffet de almuerzo y fue bastante bueno.	1
Hay tanta comida buena en Las Vegas que me siento engañado por perder una oportunidad de comer yendo a Rice and Company.	0
Venir aquí es como experimentar una relación decepcionante en la que ambas partes no pueden esperar a que la otra persona le pida que rompa.	0
Entré y el lugar olía como una vieja trampa de grasa y solo otros 2 comían allí.	0
El pavo y la carne asada eran sosos.	0
Este lugar lo tiene!	1
Todos los comensales están entusiasmados con el sabor como un azucarado desastre adaptado al paladar de un niño de seis años.	0
Me encanta el Pho y los rollitos de primavera, oh, qué delicioso que tienes que probar.	1
La pobre proporción de masa por carne hizo que las ofertas de pollo fueran muy insatisfactorias.	0
Todo lo que tengo que decir es que la comida era increíble!	1
Las tortillas son para morirse!	1
¡Todo era fresco y delicioso!	1
En resumen, esta fue una experiencia gastronómica en gran medida decepcionante.	0
Es como una fiesta realmente sexy en tu boca, donde estás coqueteando con la mejor persona de la fiesta.	1
Nunca he estado en Hard Rock Casino antes, ¡NUNCA NUNCA PASES ADELANTE!	0
El mejor desayuno buffet !!!	1
Dile adiós a tu dama de punta!	0
Nunca volveremos a ir.	0
Volveremos de nuevo!	1
¡La comida llegó rápido!	1
No era bueno.	0
En el lado positivo, su cafetería sirve muy buena comida.	1
Nuestro camarero fue fantástico y cuando descubrió que a la mujer le encantan los ajos asados ​​y la médula ósea, ¡agregó algo extra a nuestra comida y otra médula para llevar!	1
Lo único bueno fue nuestro camarero, él fue muy servicial y mantuvo la llegada de Bloddy Mary.	1
El mejor buffet de la ciudad, por el precio que no se puede superar.	1
Me encantaron sus mejillones cocinados en esta reducción de vino, el pato estaba tierno, y sus platos de patata eran deliciosos.	1
Este es uno de los mejores buffets que he estado.	1
Así que fuimos a Tigerlilly y tuvimos una tarde fantástica!	1
La comida era deliciosa, nuestro barman fue atento y agradable y nos dieron una gran oferta!	1
El ambiente es maravilloso y hay música.	1
Volveremos en el próximo viaje.	1
¡Qué bueno!	1
Los verdaderos amantes del sushi, seamos honestos, Yama no es tan bueno.	0
Al menos 40 minutos pasaron entre nosotros pidiendo y la comida llegó, y no estaba tan ocupado.	0
Este es un restaurante tailandés realmente fantástico que definitivamente vale la pena visitar.	1
Agradable, picante y tierno.	1
Buenos precios.	1
Echale un vistazo.	1
Fue bastante asqueroso!	0
He tenido mejor ambiente.	0
Un poco difícil de desordenar un bistec pero lo hicieron.	0
Aunque me gustó mucho el aspecto y el sonido de este lugar, la experiencia real fue un poco decepcionante.	0
Simplemente no sé cómo este lugar logró servir la comida más insípida que he comido cuando están preparando la cocina india.	0
El peor servicio para arrancar, pero esa es la menor de sus preocupaciones.	0
El servicio estaba bien y la camarera era amable.	1
Todos los tipos tenían filetes, y nuestro hijo amante de la carne que ha comido carne en los mejores y peores lugares, dijo que era la mejor carne que jamás había comido.	1
Pensamos que tendrías que aventurarte más lejos para conseguir un buen sushi, pero este lugar realmente golpeó el lugar esa noche.	1
El personal del anfitrión fue, a falta de una palabra mejor, PERRA!	0
Sosa ... No me gusta este lugar por varias razones y no quiero perder el tiempo en malas críticas ... Lo dejaré así ...	0
Comida fenomenal, servicio y ambiente.	1
Yo no regresaria	0
Definitivamente vale la pena aventurarse fuera de la tira para el vientre de cerdo, volverá la próxima vez que esté en Las Vegas.	1
Este lugar es demasiado caro para comida mediocre.	0
Penne vodka excelente!	1
Tienen una buena selección de comida que incluye un enorme emparedado de carne, una crujiente envoltura de pollo, un delicioso atún derretido y algunas hamburguesas sabrosas.	1
La gestión es grosera.	0
Deliciosos panecillos de Nueva York, buenas selecciones de queso crema, Lox real con alcaparras incluso.	1
Estupendo metro, de hecho, es tan bueno cuando vienes aquí, cualquier otro metro no cumplirá tus expectativas.	1
Tuve un desayuno realmente sólido aquí.	1
Este es uno de los mejores bares con comida de Las Vegas.	1
Fue extremadamente grosero y, realmente, hay muchos otros restaurantes en los que me encantaría cenar durante un fin de semana en Las Vegas.	0
Mi bebida nunca estuvo vacía y él hizo algunas sugerencias de menú realmente geniales.	1
¡No lo hagas!	0
El camarero no era servicial o amable y rara vez nos atendió.	0
Mi esposo y yo comimos aquí y quedamos muy decepcionados con la comida y el servicio.	0
Y el curry rojo tenía muchos brotes de bambú y no era muy sabroso para mí.	0
Una bonita manta de moz sobre la parte superior, pero siento que esto se hizo para cubrir la comida insatisfactoria.	1
Los baños están limpios y el lugar en sí está bien decorado.	1
El menú siempre está cambiando, la calidad de la comida está bajando y el servicio es extremadamente lento.	0
El servicio fue un poco lento, teniendo en cuenta que fueron servidos por servidores de 3 personas, así que la comida venía a un ritmo lento.	0
Le doy 2 pulgares hacia abajo	0
Observamos a nuestro camarero prestar mucha más atención a otras mesas e ignorarnos.	0
Mi novio y yo vinimos a la mitad del día y nos saludaron y nos acomodaron de inmediato.	1
Este es un gran restaurante en el Mandalay Bay.	1
Esperamos cuarenta y cinco minutos en vano.	0
Crostini que venía con la ensalada estaba rancio.	0
Algunos aspectos destacados: ¡Gran calidad de nigiri aquí!	1
El personal es amable y la articulación está siempre limpia.	1
Este fue un corte diferente al de la pieza el otro día, pero aún así es maravilloso y tierno, así como bien condimentado.	1
Pedí la pasta Voodoo y fue la primera vez que comí una pasta excelente desde que comí sin gluten hace varios años.	1
este lugar es bueno	1
Desafortunadamente, debemos haber llegado a la panadería el día que sobraba porque todo lo que pedimos era VENTA.	0
Volví hoy porque se mudaron y todavía no me impresionaron.	0
Me senté inmediatamente.	1
Su menú es variado, ya un precio razonable.	1
Evitar a toda costa!	0
El restaurante siempre está lleno, pero nunca hay que esperar.	1
¡¡DELICIOSO!!	1
Este lugar es sin duda uno de los mejores lugares para comer en el área metropolitana de Phoenix.	1
Así que no vayas si buscas buena comida ...	0
Nunca me han tratado tan mal	0
El tocino es hella salado.	1
"También pedimos la ensalada de espinacas y aguacate	 Los ingredientes estaban tristes y el aderezo literalmente no tenía sabor."	0
Así es como solía ser la buena comida en Las Vegas, hasta los menús que se entregaban a las damas que no tienen precios indicados.	1
Las camareras son muy amables.	1
¡Lordy, el Khao Soi es un plato que no debe perderse para los amantes del curry!	1
Todo lo que hay en el menú es fantástico y también nos encantó que hicieran un alojamiento increíble para nuestra hija vegetariana.	1
Tal vez los atrapé en una noche de descanso a juzgar por las otras críticas, pero no estoy inspirado para volver.	0
El servicio aquí deja mucho que desear.	0
El ambiente es moderno y moderno, manteniendo un toque de comodidad.	1
No es un sitio semanal, pero definitivamente es un lugar al que volver de vez en cuando.	1
Literalmente nos sentamos allí por 20 minutos sin que nadie nos pidiera que tomáramos nuestro pedido.	0
La hamburguesa no tenía ningún sabor, la carne en sí era totalmente insípida, la hamburguesa estaba recocida y no tenía sabor a carbón.	0
También decidí no devolverlo porque nuestra camarera parecía estar a punto de sufrir un ataque al corazón.	0
Me vestí para ser tratado tan groseramente!	0
Probablemente era tierra.	0
Amo este lugar, golpea el lugar cuando quiero algo saludable pero que no carezca de cantidad o sabor.	1
Pedí el cóctel de limón y hielo de frambuesa que también fue increíble.	1
La comida chupaba, lo que esperábamos pero chupaba más de lo que podríamos haber imaginado.	0
Decoración interesante.	1
Lo que realmente me gusta es la estación de crepé.	1
También se sirvió pan caliente y mantequilla, y papas fritas caseras con trozos de tocino en la parte superior ... muy original y muy bueno.	1
Puedes verlos preparar la deliciosa comida!)	1
Ambos rollos de huevo eran fantásticos.	1
Cuando mi pedido llegó, faltaba uno de los giroscopios.	0
Comí una ensalada con las alas, y un poco de helado para el postre y me fui bastante satisfecho.	1
No estoy realmente seguro de cómo los lectores de Phoenix Magazine votaron a Joey's como el mejor perro caliente en el valle.	0
¡El mejor lugar para un sabroso tazón de Pho!	1
La música en vivo los viernes sopla totalmente.	0
Nunca he sido más insultado o sentí una falta de respeto.	0
El personal muy amable.	1
Vale la pena el viaje.	1
Había oído cosas buenas sobre este lugar, pero superaba todas las esperanzas con las que podría haber soñado.	1
La comida era estupenda y el servicio también!	1
La cerveza caliente no ayudó.	0
Gran lugar brunch.	1
El servicio es amable y acogedor.	1
Muy buen lugar para almorzar.	1
He vivido aquí desde 1979 y esta fue la primera (y última) vez que pisé este lugar.	0
La peor experiencia de todas.	0
Debe haber sido una noche de descanso en este lugar.	0
Los lados son deliciosos - hongos mixtos, puré de oro yukon, maíz blanco - beateous.	1
Si ese bicho nunca apareciera, habría dado un 4 seguro, pero en el otro lado de la pared donde este bicho estaba escalando estaba la cocina.	0
Durante aproximadamente 10 minutos, estamos esperando su ensalada cuando nos dimos cuenta de que no llegaría pronto.	0
Mi amigo me encantó el tartar de salmón.	1
No volveré	0
Extremadamente sabroso	1
Camarera era bueno!	1
Empapados y no buenos.	0
Los mojitos jamaicanos son deliciosos.	1
Las cuales son pequeñas y no valen el precio.	0
- La comida es rica así que ordene en consecuencia.	1
El área de la ducha está afuera, así que solo puedes enjuagar, no tomar una ducha completa, ¡a menos que no te importe estar desnudo para que todos lo vean!	0
El servicio era un poco escaso.	0
Bisque de Langosta, Brotes Bussell, Risotto, Filet TODO lo que se necesita sal y pimienta ... y por supuesto no hay ninguno en las mesas.	0
Esperemos que esto sea un impedimento para que salgan del negocio y pueda entrar alguien que pueda cocinar.	0
Era demasiado frío, no tenía suficiente sabor o simplemente era malo.	0
Me encantaron las fechas envueltas en tocino.	1
¡Esto es un GANGA increíble!	1
La gente de Otto siempre nos hace sentir muy bienvenidos y especiales.	1
"En cuanto a los ""principales"", también sin inspiración."	0
Este es el lugar donde primero tuve pho y fue increíble!	1
Esta maravillosa experiencia hizo de este lugar una parada obligada cuando estamos en la ciudad nuevamente.	1
Si la comida no es lo suficientemente mala para ti, entonces disfruta lidiando con las personas más borrachas y molestas del mundo.	0
Muy muy divertido chef.	1
Pedí una hamburguesa doble con queso y conseguí una sola empanada que se estaba cayendo a pedazos (foto cargada) Sí, todavía apesta.	0
Gran lugar para tomar un par de copas y ver eventos deportivos, ya que las paredes están cubiertas con televisores.	1
Si fuera posible darles cero estrellas, lo tendrían.	0
"Las descripciones decían ""yum yum salsa"" y otra decía ""salsa de anguila"", y otra decía ""mayonesa picante"" ... bueno, NINGUNO de los rollos tenía salsas."	0
Yo diría que esa sería la decisión más difícil ... Honestamente, todos los platos de M saben cómo deben saber (increíble).	1
Si ella no hubiera puesto los ojos en blanco, podríamos habernos quedado ... No estoy seguro de si volveremos y lo intentaremos de nuevo.	0
Todos son muy atentos, brindando un excelente servicio al cliente.	1
Horrible - no pierdas tu tiempo y dinero.	0
Ahora bien, este plato era bastante sabroso.	1
Para entonces, nuestro lado del restaurante estaba casi vacío, así que no había excusa.	0
(Tampoco estaba ocupado) Además, el edificio estaba CONGELADO frío.	0
"como dijo el otro crítico, ""no podrías pagarme para comer en este lugar otra vez""."	0
-Las bebidas tardaron cerca de 30 minutos en salir en un punto.	0
Seriamente sabrosas delicias, amigos.	1
Mucho mejor que el otro lugar de sushi AYCE al que fui en Las Vegas.	1
La iluminación es lo suficientemente oscura como para establecer el estado de ánimo.	1
Basado en el servicio de calidad inferior que recibí y ningún esfuerzo por mostrar su gratitud por mi negocio, no volveré.	0
Los propietarios son realmente grandes personas.	1
No hay nada privilegiado en trabajar / comer allí.	0
El aderezo griego era muy cremoso y sabroso.	1
En general, no creo que vuelva a llevar a mis padres a este lugar porque hicieron la mayoría de las quejas similares que también sentí en silencio.	0
Ahora la pizza en sí era buena, la salsa de maní era muy sabrosa.	1
Teníamos 7 en nuestra mesa y el servicio fue bastante rápido.	1
Fantástico servicio aquí.	1
Yo también habría dado a los padrinos cero estrellas si fuera posible.	0
Ellos saben cómo hacerlos aquí.	1
Muy duro y muy corto en sabor!	0
Espero que este lugar se mantenga alrededor.	1
He estado en más de unos pocos bares en Las Vegas, y no recuerdo haber sido cobrado por el agua del grifo.	0
El ambiente del restaurante era exquisito.	1
Buen servicio, muy limpio, y barato, para arrancar!	1
El marisco era fresco y generoso en la porción.	1
Además, es sólo 8 dólares.	1
El servicio no estaba a la par, tampoco.	0
Hasta ahora, solo he visitado dos veces y la comida fue absolutamente deliciosa cada vez.	1
¡Tan bueno como cuando lo tuve hace más de un año!	1
Para un café café autoproclamado, me decepcionó enormemente.	0
¡La fuente de Veggitarian está fuera de este mundo!	1
No te puedes equivocar con nada de la comida aquí.	1
No se puede superar eso.	1
Nos detuvimos en este lugar mientras estábamos en Madison para el Ironman, muy amable y amable personal.	1
Los cocineros eran amables e hicieron un buen trabajo.	1
Lo he tenido mejor, no solo de los dedicados spots de té de boba, sino también de Jenni Pho.	0
Me gustó el patio y el servicio fue excepcional.	1
El taco de cabra no escatimó en la carne y ¡qué sabor!	1
Creo que no otra vez	0
Tuve la ensalada mac y era bastante insípida, así que no volveré a hacerlo.	0
Fui a Bachi Burger por recomendación de un amigo y no me decepcionó.	1
El servicio apesta aquí!	0
Esperé y esperé.	0
Este lugar no es sushi de calidad, no es un restaurante de calidad.	0
Sin duda recomendaría las alas, así como la pizza.	1
Gran pizza y ensaladas!	1
Las cosas que salieron mal: - Quemaron los saganaki.	0
Esperamos una hora para lo que era un desayuno que podría haber hecho 100 veces mejor en casa.	0
¡Este lugar es increíble!	1
Odio estar en desacuerdo con mis compañeros de Yelp, pero mi esposo y yo estábamos muy decepcionados con este lugar.	0
Esperamos 2 horas y nunca conseguimos ninguna de nuestras pizzas, como lo hicieron muchos otros que vinieron más tarde que nosotros.	0
Simplemente no sé por qué eran tan lentos.	0
El personal es excelente, la comida es deliciosa y tienen una increíble selección de cervezas.	1
Vivo en el vecindario, así que me decepciona que no vuelva aquí porque es un lugar conveniente.	0
No sabía que el cerdo tirado podría ser tan delicioso.	1
Obtienes pescado increíblemente fresco, preparado con cuidado.	1
Antes de entrar a por qué le di una calificación de 1 estrella, sepa que esta fue la tercera vez que comí en la hamburguesa Bachi antes de escribir una reseña.	0
Me encanta el hecho de que todo en su menú vale la pena.	1
¡Nunca más volveré a cenar en este lugar!	0
La comida era excelente y el servicio era muy bueno.	1
Buena cerveza y selección de bebidas y buena selección de comida.	1
Por favor, manténgase alejado de los fideos salteados de camarón.	0
La orden de las papas fritas fue triste ... Probablemente podría contar cuántas papas había en esa caja y probablemente alrededor de las 12.	0
La comida era muy aburrida.	0
Buen servicio-cheque!	1
¡Esta corporación codiciosa NUNCA verá otro centavo de mí!	0
Nunca jamás volveré.	0
Por mucho que me gustaría volver, no puedo pasar por el atroz servicio y nunca volveré.	0
En verano, puede cenar en un encantador patio al aire libre, muy agradable.	1
¡No esperaba que esto fuera tan bueno!	1
Comida fantástica!	1
Pidió un panecillo inglés tostado que salió sin tostar.	0
La comida era muy buena.	1
Nunca volveré.	0
Buena comida por el precio, que es de muy alta calidad y hecho en casa.	1
El chico del autobús por otro lado era tan grosero.	0
A estas alturas, mis amigos y yo básicamente habíamos descubierto que este lugar era una broma y no nos importaba darlo a conocer públicamente y en voz alta.	0
Volver a una buena barbacoa, tarifas más ligeras, precios razonables y decirle al público que han vuelto a las formas antiguas.	1
Y considerando que los dos nos fuimos muy llenos y felices por alrededor de $ 20, simplemente no puedes equivocarte.	1
¡Todo el pan se hace en casa!	1
El único inconveniente es el servicio.	0
Además, las papas fritas son sin duda las peores papas que he tenido.	0
El servicio era excepcional y la comida era buena como todas las críticas.	1
Un par de meses después, regresé y comí una comida increíble.	1
Lugar favorito en la ciudad para shawarrrrrrma !!!!!!	1
Los guisantes de ojo negro y las batatas ... ¡NO ERAN!	1
No te decepcionará.	1
Podrían servirlo solo con la vinagreta y puede hacer un mejor plato en general, pero aún así fue muy bueno.	1
Voy a demasiados lugares y nunca he visto ningún restaurante que sirva un desayuno de 1 huevo, especialmente por $ 4.00.	0
Cuando mi madre y yo llegamos a casa, inmediatamente se enfermó y solo comió unos cuantos bocados de ensalada.	0
Los servidores no son agradables de tratar y no siempre cumplen con los cupones de Pizza Hut.	0
Ambos fueron realmente increíblemente buenos, y estoy muy contento de haber regresado.	1
Tuvimos un servicio fantástico, y quedamos encantados con el ambiente.	1
Todo fue asqueroso.	0
Amo este lugar.	1
Gran servicio y comida.	1
Primero, los baños en este lugar estaban sucios. ¡Las fundas de los asientos no se reponían y simplemente eran asquerosas!	0
"La hamburguesa ... Me dieron el ""Gold Standard"" una hamburguesa de $ 17 y me decepcionó un poco."	0
Dios mío, la comida estaba deliciosa!	1
No hay nada auténtico sobre este lugar.	0
El espagueti no es nada especial en absoluto.	0
De todos los platos, el salmón era el mejor, pero todos eran geniales.	1
Las verduras son tan frescas y la salsa se siente como auténtica tailandesa.	1
¡Vale la pena subir desde Tucson!	1
La selección fue probablemente la peor que he visto en Las Vegas ... no había ninguna.	0
Muy buena selección de cerveza también.	1
Este lugar es como Chipotle, pero MEJOR.	1
Ambiente elegante y cálido, entretenimientos divertidos y frescos, suculentos bistecs (¡¡bistec de béisbol !!!!!	1
5 estrellas para la aplicación de pan de horno de ladrillo!	1
He comido aquí varias veces, y cada vez la comida era deliciosa.	1
Nos sentamos otros diez minutos y finalmente nos rendimos y nos fuimos.	0
¡Fue terrible!	0
Todos son tratados igualmente especiales.	1
No debe tomar 30 minutos para tortitas y huevos.	0
¡¡¡Estaba delicioso!!!	1
En el lado bueno, el personal fue realmente agradable y entusiasta, un verdadero placer.	1
Lamentablemente, Gordon Ramsey's Steak es un lugar que deberemos evitar de manera brusca durante nuestro próximo viaje a Las Vegas.	0
Como siempre la tarde fue maravillosa y la comida deliciosa!	1
El mejor pescado que he tenido en mi vida!	1
(El baño está justo al lado y muy bonito.)	1
El buffet es pequeño y toda la comida que ofrecían era azul.	0
Este es un pequeño restaurante excepcional con algunos de los mejores alimentos que he probado en mi vida.	1
Bastante bien, diría yo.	1
Definitivamente un apagado para mí y dudo que vuelva a menos que alguien más esté comprando.	0
Servidor hizo un gran trabajo manejando nuestra gran mesa alborotada.	1
Considero que desperdiciar la comida es despreciable, pero esto simplemente no era comida.	0
Mi esposa tenía la sopa de sopa de langosta que estaba tibia.	0
Volvería de nuevo si tuviera un antojo de sushi en Las Vegas.	1
El personal es estupendo, el ambiente es genial.	1
Se merece 5 estrellas.	1
Me fui con un dolor de estómago y me sentí mal el resto del día.	0
Cayeron más que el balón.	0
El comedor es pequeño, pero elegantemente decorado y cómodo.	1
Personalizarán su pedido de la forma que desee, mi habitual es la berenjena con salteado de frijoles verdes, ¡me encanta!	1
Y los frijoles y el arroz eran mediocres en el mejor de los casos.	0
Los mejores tacos de la ciudad por mucho !!	1
Retiré mi dinero y salí de allí.	0
En una parte interesante de la ciudad, este lugar es increíble.	1
GESTIÓN RUDA Y INCONSIDERADA.	0
El personal ahora no es tan amigable, los tiempos de espera para ser atendidos son horribles, nadie dice hola por los primeros 10 minutos.	0
No volveré	0
Tienen grandes cenas.	1
El servicio fue brillante y definitivamente recomiendo el Halibut.	1
La comida era terrible.	0
NUNCA NUNCA REGRESARÁ Y HABLÓ A MUCHAS PERSONAS LO QUE HA PASADO.	0
No lo recomiendo a menos que su auto se rompa enfrente y usted se muera de hambre.	0
Volveré aquí cada vez que esté en Las Vegas.	1
Este lugar merece una estrella y el 90% tiene que ver con la comida.	0
Esto es una desgracia.	0
Definitivamente volveremos al bol la próxima vez	1
Si quieres comida sana auténtica o ética, prueba este lugar.	1
"Continuaré viniendo aquí en la noche de damas y noche de dddd ... Recomiendo este lugar a cualquiera que esté en la zona (	"	1
He estado aquí varias veces en el pasado, y la experiencia siempre ha sido excelente.	1
Nos fuimos llenos y felices de nuestra primera experiencia de buffet en Las Vegas.	1
El servicio fue excelente y los precios son bastante razonables teniendo en cuenta que esto es Las Vegas y está ubicado dentro del centro comercial Crystals by Aria.	1
Para resumir ... la comida fue increíble, no, trascendente ... pero nada me alegra tanto como el recuerdo del dispensador de condimentos neumáticos.	1
Probablemente soy una de las pocas personas que ha ido a Lans y no le gusta.	0
¡La pizza para niños siempre es un éxito, con muchas opciones de guarniciones para los niños!	1
El servicio es perfecto y el ambiente familiar es agradable de ver.	1
Cocinado a la perfección y el servicio era impecable.	1
Esta es simplemente una decepción.	0
En general, me decepcionó mucho la calidad de la comida en Bouchon.	0
¡No tengo que ser un contable para saber que me están jodiendo!	0
Gran lugar para comer, me recuerda a la pequeña mamá y las tiendas de pop en el área de la Bahía de San Francisco.	1
Hoy fue la primera vez que probé un perrito caliente Buldogis Gourmet y tengo que decirles que fue más de lo que creí posible.	1
Izquierda muy frustrado.	0
Definitivamente volveré pronto.	1
La comida era muy buena y me llené rápidamente.	1
El servicio fue fantástico.	1
TOTAL DESPERDICIOS DEL TIEMPO.	0
No sé qué tipo es, pero tienen el mejor té helado.	1
Ven con hambre, vete feliz y lleno!	1
Para el servicio, no les doy estrellas.	0
Te puedo asegurar que no te decepcionará.	1
Puedo tomar un poco mal servicio pero la comida apesta.	0
Se rindió tratando de comer algo de la corteza (dientes aún doloridos).	0
Pero ahora estaba completamente enojado.	0
Realmente disfruté comiendo aquí.	1
La primera vez que voy, pero creo que rápidamente me convertiré en un habitual.	1
Nuestro servidor fue muy agradable, y aunque se veía un poco abrumado con todas nuestras necesidades, se mantuvo profesional y amable hasta el final.	1
Por lo que me dijeron mis compañeros de la cena ... todo estaba muy fresco, con una textura y un sabor agradables.	1
En el suelo, justo al lado de nuestra mesa, había una pila de excremento de aves verdes, grandes, manchadas, que se han caminado y rastreado en todas partes.	0
Además, ¡ni siquiera puede encontrar horas de operación en el sitio web!	0
Hemos tratado de gustarnos este lugar, pero después de más de 10 veces creo que hemos terminado con ellos.	0
¡Qué gran error fue ese!	0
¡Sin quejas!	1
Esta es una pizza muy buena y soy un experto / experto en el tema.	1
El camarero era un idiota.	0
Huelga 2, que quiere ser apresurado.	0
Estos son los mejores dueños de restaurantes que he encontrado.	1
Nunca vuelvo a venir.	0
Nos encantaron las galletas !!!	1
El servicio es rápido y amigable.	1
Pedí un aperitivo y tomó 40 minutos y luego la pizza otros 10 minutos.	0
Absolutamente fantástico.	1
Era una enorme y torpe pieza de vaca de 1.5 lb que tenía 3/4 de grasa y era de grietas.	0
Definitivamente volveré aquí de nuevo.	1
Me gustan los Steiners porque es oscuro y se siente como un bar.	1
Wow muy picante pero delicioso.	1
Si no estás familiarizado, échale un vistazo.	1
Llevaré los dólares de mi cena de negocios a otra parte.	0
Me encantaría volver.	1
De todos modos, este restaurante FS tiene un maravilloso desayuno / almuerzo.	1
Nada especial.	0
¡Cada día de la semana tienen un trato diferente y todo está tan delicioso!	1
¡Sin mencionar que la combinación de peras, almendras y tocino es un gran ganador!	1
No volveremos	0
La salsa no tenía sabor.	0
La comida es deliciosa y lo suficientemente picante, así que asegúrese de pedir algo más picante si lo prefiere así.	1
Mi bistec chuletón fue preparado perfectamente y tenía un gran sabor de mezquite.	1
No creo que volveremos pronto.	0
La comida era tan buena.	1
Estoy lejos de ser un conocedor de sushi, pero definitivamente puedo decir la diferencia entre la buena comida y la mala comida y esta fue sin duda la mala comida.	0
Estaba tan insultada	0
Las últimas 3 veces que almorcé aquí ha sido mala.	0
Las alitas de pollo contenían la carne de pollo más seca que he comido.	0
La comida era muy buena y disfruté cada bocado, un lugar relajado y agradable para parejas, grupos familiares pequeños, etc.	1
Nargile - Creo que eres genial.	1
Mejor tater tots en el suroeste.	1
Nos encantó el lugar.	1
Definitivamente no vale la pena los $ 3 que pagué.	0
El helado de vainilla era cremoso y suave, mientras que la masa de profiterol (choux) era lo suficientemente fresca.	1
Estoy en AZ todo el tiempo y ahora tengo mi nuevo lugar.	1
El gerente fue el peor.	0
El interior es muy bonito y muy limpio.	1
La comida era excepcional y los precios eran muy razonables.	1
No creo que vuelva pronto a Carly's a buscar comida.	0
Esto se debió al hecho de que tardaron 20 minutos en ser reconocidos, luego otros 35 minutos en conseguir nuestra comida ... y siguieron olvidando cosas.	0
Me encantan las margaritas, también!	1
Este fue mi primer y único buffet de Las Vegas y no me decepcionó.	1
¡Muy bien, sin embargo!	1
La única nota es que la ventilación podría utilizar algunas mejoras.	0
Gran sándwich de cerdo.	1
No pierdas tu tiempo aquí.	0
Una decepción total, preferiría simplemente ir a la tienda de flores Camelback y al Cartel Café.	0
Tercero, el queso en la hamburguesa de mi amigo estaba frío.	0
Disfrutamos de su pizza y brunch.	1
Los filetes están bien cortados y también perfectamente cocinados.	1
Teníamos un grupo de más de 70 años cuando afirmamos que solo tendríamos 40 y nos manejaron muy bien.	1
¡Me encantó!	1
Pedimos que la cuenta se fuera sin comer y ellos tampoco trajeron eso.	0
Este lugar es una joya en Las Vegas, y exactamente lo que he estado esperando encontrar en casi diez años viviendo aquí.	1
Los mariscos se limitaban a camarones cocidos y patas de cangrejo, pero las patas de cangrejo definitivamente no tenían un sabor fresco.	0
La selección de comida no era la mejor.	0
Delicioso y sin duda volveré!	1
Este no es un pequeño restaurante familiar, es un excelente restaurante.	1
Tenían un tartar de toro con un cavier que era extraordinario y me gustó el wagyu con trufa blanca, en rodajas finas.	1
No creo que vuelva por mucho tiempo.	0
Estaba conectado a una estación de servicio, y eso rara vez es una buena señal.	0
Qué increíble es eso.	1
Volveré muchas veces pronto	1
El menú tenía tantas cosas buenas que no pude decidir!	1
Peor aún, humilló a su trabajador justo delante de mí ... Un montón de horribles insultos.	0
CONCLUSIÓN: Comidas muy abundantes.	1
Sus especiales diarios son siempre un éxito con mi grupo.	1
Y entonces la tragedia golpeó.	0
El panqueque también era muy bueno y bastante grande en eso.	1
Esta fue mi primera experiencia de cangrejo, ¡y estuvo deliciosa!	1
Su monstruo pollo frito bistec y huevos es mi favorito de todos los tiempos.	1
La camarera era dulce y divertida.	1
¡También tuve que probar los panqueques de calabaza de granos múltiples de mi mamá con mantequilla de nuez y eran increíbles, esponjosos y deliciosos!	1
Prefiero comer comida de avión, en serio.	0
No puedo decir lo suficiente sobre este lugar.	1
El ambiente era increíble.	1
La camarera y el gerente son muy amables.	1
Yo no recomendaría este lugar.	0
En general no estaba muy impresionado con Noca.	0
Mi giróscopo era básicamente lechuga solamente.	0
Servicio terrible!	0
Completamente decepcionado!	0
No me gusta mucho la pasta, pero me encantan las pastas caseras / hechas a mano y las finas pizzas aquí.	1
Pruébalo, estarás feliz de haberlo hecho.	1
De lejos, los mejores quesos que hemos tenido!	1
Un precio razonable también!	1
Todo fue perfecto la noche que estuvimos.	1
La comida es muy buena para su comida típica de bar.	1
fue un viaje en coche para llegar allí.	0
A primera vista, es un encantador café de panadería: buen ambiente, personal amable y limpio.	1
De todos modos, no creo que vuelva allí.	0
Señala con el dedo cualquier elemento del menú, ordénalo y no te decepcionará.	1
Oh, esto es una belleza, este restaurante.	1
Si no has ido aquí, ve ahora!	1
Una comida grasienta, poco saludable.	0
Primera vez allí y podría ser la última.	0
Esas hamburguesas eran increíbles.	1
Del mismo modo, el repartidor no dijo ni una palabra de disculpa cuando nuestra comida llegó 45 minutos tarde.	0
Y era demasiado caro.	0
Asegúrate de pedir el postre, incluso si necesitas empacarlo para llevar, ya que el tiramisú y el cannoli son para morirse.	1
Esta fue mi primera vez y no puedo esperar hasta la próxima.	1
El barman también era agradable.	1
¡Todo era bueno y sabroso!	1
Este lugar es dos pulgares arriba ... muy arriba.	1
El mejor lugar en Las Vegas para el desayuno (solo echa un vistazo a un sábado o domingo).	1
Si te gusta la auténtica comida mexicana y quieres un montón de carnes interesantes pero deliciosas para elegir, debes probar este lugar.	1
Gestión terrible.	0
Un excelente restaurante nuevo por un francés experimentado.	1
Si hubiera cero estrellas, le daría cero estrellas.	0
Gran bistec, grandes lados, buen vino, postres increíbles.	1
Peor martini jamás!	0
La carne y los camarones son, en mi opinión, las mejores entradas en GC.	1
¡Hoy tuve la oportunidad de probar sus increíbles pizzas!	1
Esperamos treinta minutos para que nos sentaran (aunque había 8 mesas vacías y éramos las únicas personas que esperaban).	0
El carpaccio de cola amarilla se derrite en tu boca fresca.	1
No intentaré volver allí aunque esté vacío.	0
No, me voy a comer la papa que encontré pelos extraños en ella.	0
Sólo lo suficientemente picante ... Perfecto en realidad.	1
La última noche fue la segunda vez que comí aquí y me sentí tan feliz que decidí volver.	1
"ni siquiera un ""hola, estaremos bien contigo""."	0
Los postres eran un poco extraños.	0
Mi novio y yo vinimos aquí por primera vez en un viaje reciente a Las Vegas y no podríamos haber estado más satisfechos con la calidad de la comida y el servicio.	1
Realmente recomiendo este lugar, puedes equivocarte con este lugar de donas!	1
Buen ambiente	1
Recomendaría ahorrar espacio para esto!	1
Supongo que tal vez fuimos en una noche de descanso pero fue vergonzoso.	0
Sin embargo, mi experiencia reciente en este lugar en particular no fue tan buena.	0
Sé que esto no es como los otros restaurantes, ¡algo está muy mal aquí!	0
¡EVITA ESTE ESTABLECIMIENTO!	0
Creo que este restaurante sufre de no esforzarse lo suficiente.	0
Todos los platos de tapas estaban deliciosos!	1
Yo * corazón * este lugar.	1
Mi ensalada tenía un vinegrette suave en los verdes de bebé y corazones de Palm.	0
Después de las dos me sentía repugnante.	0
¡Un buen momento!	1
Creo que este lugar es una gran parada para aquellos con una gran barriga y ganas de sushi.	1
Porciones generosas y gran sabor.	1
¡Nunca volveré a este lugar y nunca recomendaré este lugar a nadie!	0
"Los servidores iban y venían varias veces, ni siquiera como un ""¿Le están ayudando?"""	0
La comida estaba deliciosa!	1
UNA HORA ... en serio?	0
Considero este robo.	0
Eew ... Esta ubicación necesita una revisión completa.	0
Recientemente, también fuimos testigos de su mala calidad de gestión hacia otros huéspedes.	0
Esperó y esperó y esperó.	0
También regresó a vernos regularmente, excelente servicio.	1
Nuestro servidor fue muy agradable y nos consultó muchas veces.	1
La pizza tenía un sabor viejo, súper duro no de buena manera.	0
Me acerqué para intentarlo, pero me decepcionó profundamente.	0
El servicio era bueno y la compañía era mejor!	1
El personal también es muy amable y eficiente.	1
En cuanto al servicio: soy un fanático, porque es rápido y estás siendo atendido por gente agradable.	1
Chico fue ese tonto seco !!.	0
Sobrevalorado.	0
Si buscas comida tailandesa auténtica, ve a otro lado.	0
¡Sus filetes son 100% recomendados!	1
Después de que detuve mi auto, esperé otros 15 minutos antes de ser reconocido.	0
Buena comida y buen servicio en un ambiente limpio y agradable.	1
Con todo, puedo asegurarles que volveré.	1
Odio esas cosas tanto como las aceitunas negras de calidad barata.	0
Mi desayuno fue excelente, con una hermosa presentación de 3 rebanadas gigantes de pan tostado, ligeramente espolvoreado con azúcar en polvo.	1
El área de juegos para niños es NASTY!	0
Gran lugar para llevar o comer.	1
La camarera era amable y feliz de satisfacer para vegan / opciones vegetarianas.	1
Dios mío, sentí que nunca había comido comida tailandesa hasta este plato.	1
"Era extremadamente ""desaliñado"" y bastante sin sabor."	0
Era un color pálido en lugar de agradable y char y no tiene sabor.	0
Los crutones también tienen un sabor casero, que es una ventaja adicional.	1
Llegué a casa para ver las alas más secas jamás!	0
¡Será una parada regular en mis viajes a Phoenix!	1
"Realmente disfruté de Crema Café antes de que se expandieran	 Incluso les dije a mis amigos que tenían el mejor desayuno."	1
No es bueno para el dinero.	0
¡Lo extraño y desearía que tuvieran uno en Filadelfia!	1
Nos sentamos bastante rápido, pero terminamos esperando 40 minutos para hacer nuestro pedido, otros 30 minutos antes de que llegara la comida.	0
También tienen el mejor queso crujiente de la ciudad.	1
Buena relación calidad-precio, buena comida, buen servicio.	1
No se puede pedir una comida más satisfactoria.	1
La comida es buena.	1
Fue increible	1
Solo quería irme.	0
Hicimos el viaje desde North Scottsdale ... ¡y no me decepcionó ni un poco!	1
No voy a comer allí de nuevo.	0
! .... ¡LOS PROPIETARIOS REALMENTE necesitan dejar de ser tan baratos, déjalos envolver mi maldito emparedado en dos papeles, no en uno!	0
Revisé este lugar hace un par de años y no me impresionó.	0
El pollo que obtuve fue definitivamente recalentado y solo estaba bien, las cuñas estaban frías y empapadas.	0
Lo siento, no voy a recibir comida de aquí pronto :(	0
Una visita obligada absoluta!	1
La lengua de vaca y los tacos de mejilla son increíbles.	1
A mi amigo no le gustaba su Bloody Mary.	0
A pesar de lo difícil que califico a las empresas, es realmente raro para mí dar un 1 estrella.	0
Ellos realmente quieren hacer que tu experiencia sea buena.	1
No voy a volver	0
Tuve el pollo Pho y sabía muy suave.	0
¡¡¡Muy decepcionante!!!	0
El pollo asado era tan tierno y amarillo del condimento de azafrán.	1
un viaje en auto significa que no quiere esperar media hora por su comida, pero de alguna manera, cuando terminamos yendo aquí, nos hacen esperar y esperar.	0
Lugar bastante impresionante.	1
El ambiente es perfecto.	1
La mejor de las suertes a la nueva administración centrada en el servicio grosero y no al cliente.	0
Cualquier abuela puede hacer un pollo asado mejor que este.	0
Pedí varias veces la lista de vinos y después de un tiempo de ignorarme fui a la anfitriona y conseguí uno.	0
El personal siempre es super amable y servicial, lo cual es especialmente bueno cuando traes a dos niños pequeños y un bebé.	1
¡Cuatro estrellas para la comida y el chico de la camisa azul por su gran ambiente y que aún nos permite comer!	1
El sándwich de carne asada sabía muy bien!	1
La misma noche, él y yo estamos drásticamente enfermos.	0
Pollo de alta calidad sobre la ensalada César de pollo.	1
Hamburguesa ordenada rara vino en que hemos hecho.	0
Nos saludaron y nos sentamos con prontitud.	1
Traté de ir aquí para el almuerzo y fue un manicomio.	0
Este bar de sushi demostró que estaba equivocado, no solo porque la calidad es excelente, sino que el servicio es rápido y la comida, impecable.	1
Después de esperar una hora y estar sentado, no estaba de muy buen humor.	0
Esta es una buena articulación.	1
Los Macarons aquí son increíblemente buenos.	1
¡No estoy comiendo aquí!	0
Nuestro camarero era muy atento, amable e informativo.	1
Tal vez si no estuvieran fríos hubieran sido algo comestibles.	0
Este lugar tiene mucha promesa pero no cumple.	0
Muy mala experiencia!	0
Qué error.	0
La comida era normal en el mejor de los casos.	0
Buena comida.	1
No volveremos pronto!	0
Muy, muy decepcionado ordenó el $ 35 Big Bay Plater.	0
Gran lugar para relajarse y tener una hamburguesa y una cerveza increíble.	1
Es PERFECTO para una comida familiar sentada o reunirse con algunos amigos.	1
No les queda mucho sabor, y están muy mal construidos.	0
Los asientos del patio era muy cómodo.	1
El arroz frito también estaba seco.	0
Sin duda, mi restaurante italiano favorito!	1
"Eso solo SCREAMS ""LEGIT"" en mi libro ... algo que también es bastante raro aquí en Las Vegas."	1
Simplemente no fue una experiencia divertida.	1
El ambiente era genial con un encantador dúo de violinistas tocando canciones que solicitamos.	1
Personalmente me encantan el hummus, la pita, el baklava, los falafels y Baba Ganoush (¡es increíble lo que hacen con la berenjena!).	1
Muy conveniente, ya que estábamos alojados en el MGM!	1
Los propietarios son muy amables y el personal es cortés.	1
Ambos grandes!	1
Selección ecléctica.	1
Los bollos de patata dulce eran buenos, pero los aros de cebolla eran perfectos o tan cercanos como los que he tenido.	1
El personal fue muy atento.	1
Y el chef fue generoso con su tiempo (incluso llegó alrededor de dos veces para que podamos tomar fotos con él).	1
El propietario solía trabajar en Nobu, por lo que este lugar es realmente similar por la mitad del precio.	1
Google mediocre y me imagino que Smashburger aparecerá.	0
no vayas aqui	0
Prometo que no te decepcionarán.	1
Como amante del sushi evita este lugar por todos los medios.	0
¡Qué gran hamburguesa doble con queso!	1
Increíble servicio y comida.	1
Una fantástica joya de barrio!	1
No puedo esperar a regresar.	1
Los plátanos fueron los peores que he probado en mi vida.	0
Es un gran lugar y lo recomiendo altamente.	1
El servicio fue lento y no atento.	0
Le di 5 estrellas entonces, y ahora le doy 5 estrellas.	1
Su personal pasa más tiempo hablando a sí mismos que a mí.	0
Postre: Panna Cotta fue increíble.	1
Muy buena comida, buen ambiente.	1
Maldito buen filete	1
Fallo total del brunch.	0
Los precios son muy razonables, los sabores son acertados, la salsa es casera y la ensalada no está empapada en mayonesa.	1
La decoración es agradable y la banda sonora de la música de piano es agradable.	1
El bistec era increíble ... rge filete relleno fue el mejor plato de mariscos que he tenido!	1
Buena comida, buen servicio.	1
Fue absolutamente increíble.	1
Probablemente no vuelva, para ser honesto.	0
Sin duda volveremos!	1
El sándwich de carne de sargento con salsa de auju es también un excelente sándwich.	1
Hawaiian Breeze, Mango Magic y Pineapple Delight son los batidos que he probado hasta ahora y todos son buenos.	1
Fuimos a almorzar, el servicio fue lento.	0
Tuvimos tanto que decir sobre el lugar antes de que entráramos que él esperaba que fuera increíble, pero se decepcionó rápidamente.	0
Yo estaba mortificado.	0
No hace falta decir que nunca volveremos aquí de nuevo.	0
De todos modos, la comida definitivamente no estaba llena, y por el precio que pagas debes esperar más.	0
Los chips que salieron goteaban grasa, y en su mayoría no eran comestibles.	0
No estaba realmente impresionado con Strip Steak.	0
He estado yendo desde 2007 y cada comida ha sido increíble!	1
Nuestro camarero era muy agradable y atento al igual que el otro personal de servicio.	1
El cajero era amable e incluso me trajo la comida.	1
Trabajo en la industria de la hospitalidad en Paradise Valley y me he abstenido de recomendar Cibo por más tiempo.	0
El ambiente aquí es divertido.	1
No se lo recomendaría a otros.	0
"El servicio es rápido e incluso los pedidos ""para llevar"" son como nos gusta."	1
Quiero decir realmente, ¿cómo te vuelves tan famoso por tu pescado y papas fritas cuando es tan terrible?	0
Dicho esto, nuestras bocas y vientres todavía estaban bastante contentos.	1
No es lo mio.	0
2 pulgares arriba !!	1
Si estás leyendo esto por favor no vayas allí.	0
Me encantó la pizza a la parrilla, me recordó de pizza italiana legítima.	1
Solo ventajas: Amplia área de descanso / Área de bar agradable / Gran menú de bebidas sencillas / ¡La MEJOR pizza de horno de ladrillo con masa hecha en casa!	1
Tienen un ambiente muy agradable.	1
Esta noche tuve el especial de Elk Filet ... y apestó.	0
Después de un bocado, me enganché.	1
Pedimos algunos clásicos antiguos y algunos platos nuevos después de ir allí unas cuantas veces y quedamos muy decepcionados con todo.	0
Lindo, pintoresco, sencillo, honesto.	1
El pollo estaba deliciosamente sazonado y tenía el pollo perfecto por fuera y el pollo húmedo por dentro.	1
La comida estuvo buena como siempre, felicitaciones al chef.	1
Gracias especiales a Dylan T. por la recomendación sobre qué ordenar :) Todo delicioso para mi barriga.	1
Impresionante selección de cerveza.	1
Buena comida y servicio increíble!	1
Una cosa buena fue que agregaron propina en la factura ya que nuestro grupo era más grande que 6 u 8, y no esperaban más propina que esa.	1
Una mosca estaba en mi jugo de manzana ... ¡¡¡UNA VUELA !!!!!!!	0
El pollo Han Nan también era muy sabroso.	1
En cuanto al servicio, me pareció bueno.	1
La comida era apenas tibia, por lo que debe haber estado sentada esperando que el servidor nos la trajera.	0
Ryan's Bar es definitivamente un establecimiento de Edimburgo que no volveré a visitar.	0
El mejor restaurante chino en el que he estado en mucho tiempo.	1
En general, me gusta la comida y el servicio.	1
Ahora también sirven pan indio con hummus y un poco de salsa picante de piñones que estaba fuera de este mundo.	1
Probablemente nunca vuelva, y no lo recomendaría.	0
La pasta de un amigo, también mala, apenas la tocó.	0
Pruébalos en el aeropuerto para experimentar una comida sabrosa y un servicio rápido y cordial.	1
Me encanta la decoración con el papel de pared caligrafía china.	1
Nunca tuve nada de qué quejarme aquí.	1
El restaurante está muy limpio y tiene un restaurante familiar.	1
Estaba muy frito.	0
No estoy seguro de cuánto tiempo estuvimos allí, pero fue suficiente para que empezara a sentirme incómodamente fuera de lugar.	0
Cuando abrí el sándwich, me impresionó, pero no de buena manera.	0
No volveré!	0
Hubo una cálida sensación con el servicio y me sentí como su invitado para un regalo especial.	1
Un extenso menú ofrece muchas opciones para el desayuno.	1
Siempre pido del menú vegetariano durante la cena, que tiene una amplia gama de opciones para elegir.	1
¡He visto cómo se inflan sus precios, las porciones se reducen y las actitudes de la gerencia crecen rápidamente!	0
Las maravillosas tapas de lil y el ambiente me hicieron sentir todo cálido y borroso por dentro.	1
Pude disfrutar de la ensalada de mariscos, con un fabuloso vinegrette.	1
Los wontons eran delgados, no gruesos y cauchutosos, casi se derriten en la boca.	1
El picante del nivel 5 era perfecto, donde la especia no abrumaba la sopa.	1
Nos sentamos justo a tiempo y nuestro servidor desde el principio fue fantástico!	1
Lo principal que no disfruté es que la multitud es de gente mayor, de alrededor de 30 años en adelante.	0
Cuando esté en este lado de la ciudad, este será definitivamente un lugar al que volveré a golpear.	1
Tuve que esperar más de 30 minutos para obtener mi bebida y más tiempo para obtener 2 arepas.	0
¡Este es un excelente lugar para comer!	1
El tocino jalapeño es tan bueno.	1
El servicio era pobre y eso es agradable.	0
La comida era buena, el servicio era bueno, los precios eran buenos.	1
El lugar no estaba limpio y la comida ¡oh, tan vieja!	0
Los platos de pollo están bien, la carne de res es como un zapato de cuero.	0
Pero el servicio fue más que malo.	0
"¡¡¡Estoy tan feliz de estar aquí!!!"""	1
Sabido como la suciedad.	0
Uno de los pocos lugares en Phoenix a los que sin duda volvería de nuevo.	1
El bloque fue increíble.	1
Está cerca de mi casa, es discreto, no es lujoso, tiene precios asequibles, buena comida.	1
* ¡Tanto las sopas de flores calientes como las amargas y las de huevo fueron absolutamente de 5 estrellas!	1
Mi sashimi era de mala calidad al estar empapado y sin sabor.	0
Gran momento - cena familiar en un domingo por la noche.	1
"La comida no es sabrosa en absoluto, por no decir que es su ""verdadero estilo tradicional de Hunan""."	0
Lo que me molestó, fue el servicio lento.	0
Los camareros de estilo son absolutamente increíbles!	1
Sus margaritas congeladas son demasiado azucaradas para mi gusto.	0
Eran tan buenos que los pedimos dos veces.	1
Entonces, en pocas palabras: 1) El restaurante huele a una combinación de un mercado de pescado sucio y una alcantarilla.	0
La ternera de mi novia era muy mala.	0
Lamentablemente, no fue bueno.	0
Tuve una experiencia bastante satificante.	1
Únete al club y recibe increíbles ofertas por correo electrónico.	1
Perfecto para alguien (a mí) a quien solo le gusta la cerveza bien fría, o en este caso, incluso más frío.	1
Suave y sin sabor es una buena manera de describir la carne apenas tibia.	0
Las cadenas, de las que no soy fan, vencieron fácilmente a este lugar.	0
Los nachos son DEBEN TENER!	1
No volveremos	0
No tengo muchas palabras que decir sobre este lugar, pero hace todo muy bien.	1
El personal es súper agradable y muy rápido incluso con las multitudes locas de los jurados del centro, abogados y personal de la corte.	1
Gran ambiente, servicio amable y rápido.	1
Cuando recibí mi Pita era enorme, tenía mucha carne, así que aplaude allí.	1
Una vez que llega tu comida es meh.	0
Pagar $ 7.85 por un hot dog y papas fritas que parecen salidos de una comida para niños en el Wienerschnitzel no es mi idea de una buena comida.	0
El clásico Maine Lobster Roll fue fantástico.	1
Mi cuñado que trabaja en el centro comercial comió aquí el mismo día, y adivina qué estuvo enfermo toda la noche también.	0
Tan bueno que voy a tener que revisar este lugar dos veces, una vez aquí un homenaje al lugar y una vez como homenaje a un evento que se celebró aquí anoche.	1
Las patatas fritas y la salsa eran muy buenas, la salsa era muy fresca.	1
Este lugar es genial !!!!!!!!!!!!!!	1
La comida mediocre.	0
Una vez que entres te quedarás impresionado con el lugar.	1
Estoy super enojado.	0
Y el servicio fue muy amable.	1
¿Por qué estos pequeños vegetales tristes están demasiado cocidos?	0
Este lugar fue una agradable sorpresa!	1
Estaban dorados, crujientes y deliciosos.	1
Tenía muchas esperanzas para este lugar, ya que las hamburguesas se cocinan sobre una parrilla de carbón, pero desafortunadamente el sabor se ha desinflado.	0
Podría comer su bruschetta todo el día es divino.	1
Ni un solo empleado salió a ver si estábamos bien o incluso necesitábamos una recarga de agua una vez que finalmente nos sirvieron nuestra comida.	0
Por último, los palitos de mozzarella, fueron lo mejor que pedimos.	1
La primera vez que vine aquí tuve una experiencia increíble, todavía le digo a la gente lo increíble que fue el pato.	1
El servidor fue muy negligente con nuestras necesidades y nos hizo sentir muy incómodos ... No recomendaría este lugar!	0
El servicio fue terrible, aunque.	0
Este lugar es demasiado caro, no es coherente con su boba, ¡y realmente es EXCESIVADO!	0
¡Estaba lleno!	0
Amo este lugar.	1
Puedo decir que los postres eran deliciosos.	1
La comida era terrible.	0
La fruta de temporada era puré de melocotón blanco fresco.	1
Siguió empeorando y empeorando, así que ahora ya he terminado oficialmente.	0
Este lugar debería ser volado honestamente.	0
Pero definitivamente no volvería a comer aquí de nuevo.	0
¡No desperdicies tu dinero aquí!	0
Me encanta que pongan su comida en bonitos recipientes de plástico en lugar de meterla en pequeñas cajas de papel para llevar.	1
La crepe era delicada y delgada y húmeda.	1
Servicio horrible	0
Nunca volveré aquí de nuevo.	0
La calidad de la comida ha sido horrible.	0
Por ese precio puedo pensar en algunos lugares en los que me hubiera gustado ir.	0
El servicio aquí es justo en el mejor de los casos.	0
Me encanta el sushi, pero encontré que Kabuki es demasiado caro, demasiado caro y bajo servicios.	0
Hazte un favor y mantente alejado de este plato.	0
Muy mal servicio.	0
Nadie en la mesa pensó que la comida estaba por encima de la media o valió la pena la espera que tuvimos para ella.	0
El mejor servicio y comida de todos los tiempos, María, nuestra camarera, fue tan buena y amable que hizo nuestro día.	1
Eran excelentes.	1
Pagué la factura pero no lo hice porque sentí que el servidor hizo un trabajo terrible.	0
Sólo almorcé aquí y tuve una gran experiencia.	1
Nunca he tenido una comida tan sosa que me haya sorprendido considerando que el artículo que leímos se centró tanto en sus especias y su sabor.	0
La comida es demasiado cara y las porciones son jodidamente pequeñas.	0
Recientemente probé Caballero's y he regresado cada semana desde entonces!	1
Por 40 dólares la cabeza, realmente espero mejor comida.	0
La comida salió a buen ritmo.	1
Comí allí dos veces en mi última visita, y especialmente disfruté de la ensalada de salmón.	1
No volveré	0
¡No podíamos creer lo sucias que estaban las ostras!	0
Este lugar no merece estrellas.	0
Yo no recomendaría este lugar.	0
De hecho, voy a redondear hasta 4 estrellas, solo porque ella era tan increíble.	1
Para mi incredulidad, cada plato fue calificado como la peor versión de estos alimentos que he probado en mi vida.	0
Mal día o no, tengo una tolerancia muy baja para la gente malintencionada de servicio al cliente, ¡es su trabajo ser amable y educado, lavar los platos de otra manera!	0
Las papas eran geniales y la galleta.	1
Probablemente no volvería aquí de nuevo.	0
Muy sabrosa y tiene la cantidad perfecta de calor.	1
El precio es razonable y el servicio es excelente.	1
La esposa odiaba su comida (camarones de coco), y nuestros amigos tampoco disfrutaban mucho de sus comidas.	0
Mi amigo consiguió los huevos rancheros y no parecían demasiado atractivos.	0
Fuimos en hora feliz, una gran lista de vinos.	1
Algunos pueden decir que este buffet es caro, pero creo que obtienes lo que pagas y ¡este lugar te está costando bastante!	1
Probablemente no vuelva aquí.	0
La peor comida / servicio que he tenido en mucho tiempo.	0
Este lugar es bastante bueno, buen ambiente en el restaurante.	1
Hablamos de un excelente servicio al cliente, por supuesto que volveremos.	1
Los platos calientes no están calientes, los fríos están cerca de la temperatura ambiente. Vi cómo el personal preparaba la comida con BARE HANDS, sin guantes. Todo está frito en aceite.	0
Me encantan sus papas fritas y sus frijoles.	1
Siempre es un placer tratar con él.	1
Tienen una gran cantidad de ensaladas y sándwiches, y todo lo que he probado tiene mi sello de aprobación.	1
Este lugar es increíble si quieres algo ligero y saludable durante el verano.	1
Para sushi en el Strip, este es el lugar para ir.	1
El servicio fue excelente, incluso el gerente vino y ayudó con nuestra mesa.	1
La sensación del comedor fue más un curso de cocina universitaria que una cena de alta categoría y el servicio fue lento en el mejor de los casos.	0
Comencé esta revisión con dos estrellas, pero la estoy editando para darle solo una.	0
Este es el peor sushi que he comido, además de Costco's.	0
En general, un excelente restaurante destacado por un excelente servicio, un menú único y un hermoso entorno.	1
Mi novio y yo nos sentamos en el bar y tuvimos una experiencia completamente encantadora.	1
Extraña vibra de los propietarios.	0
Casi no había carne.	0
He tenido mejores panecillos de la tienda de comestibles.	0
Ir a lugar para Gyros.	1
Me encanta el propietario / chef, su único auténtico tío fresco japonés!	1
Ahora las hamburguesas no son tan buenas, la pizza que solía ser increíble es pastosa y sin sabor.	0
Encontré un trozo de alambre de seis pulgadas de largo en mi salsa.	0
El servicio fue terrible, la comida era mediocre.	0
Definitivamente disfrutamos de nosotros mismos.	1
Pedí sopa de albondigas, que estaba tibia, y sabía a sopa de tomate con albóndigas congeladas.	0
En tres ocasiones diferentes pedí bien o medio bien, y las tres veces obtuve el trozo de carne más sangriento en mi plato.	0
Tuve unos dos bocados y me negué a comer más.	0
El servicio fue extremadamente lento.	0
Después de 20 minutos de espera, tengo una mesa.	0
En serio asesino chai latte caliente.	1
No había advertencias de alergia en el menú, y la camarera no tenía absolutamente ninguna idea de qué comidas contenían o no cacahuetes.	0
Mi novio probó la ensalada mediterránea de pollo y se enamoró.	1
Sus cervezas de barril giratorias también son un punto culminante de este lugar.	1
El precio es un poco preocupante en Mellow Mushroom.	0
El peor tailandés de todos los tiempos.	0
Si te quedas en Las Vegas, debes desayunar aquí al menos una vez.	1
Primero quiero decir que nuestro servidor fue excelente y que tuvimos un servicio perfecto.	1
Las selecciones de pizza son buenas.	1
Tomé té de fresa, que era bueno.	1
Muy poco profesional y grosero con un cliente leal!	0
En general, una gran experiencia.	1
Gastar su dinero en otro lugar.	0
Su pan tostado regular fue igualmente satisfactorio con las ocasionales palmaditas de mantequilla ... Mmmm ...!	1
El buffet en Bellagio estaba lejos de lo que anticipé.	0
Y las bebidas son débiles, gente!	0
-Mi orden no fue correcta	0
Además, siento que las fichas se compran, no se hacen en casa.	0
Después de la cena decepcionante nos fuimos a otro lugar para el postre.	0
Las papas fritas y sals a aquí es increíble !!!!!!!!!!!!!!!!!!!	1
No volveremos	0
Este es mi nuevo lugar favorito de buffet en Las Vegas.	1
En serio, no puedo creer que el propietario tenga tantos empleados inexpertos que todos corran como gallinas con la cabeza cortada.	0
Muy muy triste.	0
Me sentí insultado y faltado al respeto, ¿cómo podrías hablar y juzgar a otro ser humano así?	0
¿Cómo puedes llamarte un asador si no puedes cocinar adecuadamente un bistec, no entiendo?	0
No estoy impresionado con el concepto o la comida.	0
Lo único de lo que no estaba tan loco fue su guacamole ya que no me gusta puré.	0
Realmente no hay nada para mí en postinos, espero que tu experiencia sea mejor	0
Tengo una intoxicación alimentaria aquí en el buffet.	0
Trajeron un nuevo lote de papas fritas y estaba pensando yay algo cálido pero no!	0
Lo que DEBERÍA haber sido una cena de Nochebuena hilarante y deliciosa para recordar fue el mayor fracaso de todo el viaje para nosotros.	0
No hace falta decir que no volveré pronto.	0
Este lugar es asqueroso!	0
Cada vez que como aquí, veo un trabajo profesional en equipo.	1
Los calamares de estilo RI eran una broma.	0
Sin embargo, había tanto ajo en la fondue que apenas era comestible.	0
Apenas podía soportar la comida, pero no me quejé porque era un almuerzo de negocios.	0
Fue tan malo, que había perdido el corazón para terminarlo.	0
También le llevó una eternidad llevarnos el cheque cuando lo pedimos.	0
No somos los que hacemos una escena en los restaurantes, pero simplemente no lo entiendo ... ¡definitivamente perdí el amor después de este!	0
Experiencia decepcionante.	0
La comida está a la par con la de Denny's, es decir, nada buena.	0
Si desea esperar por una comida mediocre y un servicio absolutamente terrible, este es el lugar para usted.	0
WAAAAAAyyyyyyyyyy sobrevalorado es todo lo que estoy diciendo.	0
No volveremos	0
El lugar estaba bastante limpio, pero la comida simplemente no valía la pena.	0
Este lugar carecía de estilo !!	0
La sangría era aproximadamente la mitad de un vaso de vino lleno y costaba $ 12, ridículo.	0
No te molestes en venir aquí.	0
La carne estaba bastante seca, tuve la pechuga rebanada y tiré de cerdo.	0
"El edificio en sí parece bastante limpio	 el baño es bastante trippy, pero no volvería a comer aquí."	0
Fue igualmente horrible.	0
Probablemente no tenga prisa por volver.	0
muy lento en asientos incluso con reserva.	0
No es bueno en ningún sentido de la imaginación.	0
La salsa de crema de anacardo era insípida y las verduras estaban poco hechas.	0
El rancho de salsas de chipolte no tenía sabor, parecía delgado y aguado sin calor.	0
Era un poco demasiado dulce, no lo suficientemente picante, y le faltaba sabor.	0
¡¡Yo estaba muy decepcionado!!	0
Este lugar es horrible y demasiado caro.	0
Tal vez es solo su comida vegetariana, pero he estado dos veces y pensé que era promedio en el mejor de los casos.	0
No estaba ocupado en absoluto y ahora sabemos por qué.	0
Las mesas afuera también están sucias la mayor parte del tiempo y los trabajadores no siempre son amables y serviciales con el menú.	0
El ambiente aquí no se sentía como un buffet, sino más bien como un jardín interior para el té y las galletas.	0
Con: servicio irregular.	0
Las papas fritas no estaban calientes, y tampoco mi hamburguesa.	0
Pero luego volvieron fríos.	0
Entonces nuestra comida salió, la decepción se produjo.	0
La verdadera decepción fue nuestro camarero.	0
Mi esposo dijo que era muy grosera ... ni siquiera se disculpó por la mala comida ni nada.	0
La única razón para comer aquí sería llenarse antes de una noche de consumo excesivo de alcohol solo para obtener algunos carbohidratos en el estómago.	0
Insultos, embatimiento profundo, y tuvimos que salir para una pausa para fumar, mientras servíamos solo para solidificarlo.	0
Si alguien pide dos tacos, ¿no cree que puede ser parte del servicio al cliente preguntar si es un combo o un carrito?	0
Estaba bastante decepcionada, aunque hay que culpar a alguien de su puerta.	0
Después de todos los comentarios favorables, no podía esperar a comer aquí ... ¡qué decepción!	0
Del Taco es bastante desagradable y debe evitarse si es posible.	0
NO es difícil hacer una hamburguesa decente.	0
Pero no me gusta.	0
Diablos no volveré	0
Hemos recibido un servicio mucho mejor en la pizzería de al lado que los servicios que recibimos de este restaurante.	0
"No sé cuál es el problema con este lugar, pero no volveré ""a todos""."	0
Inmediatamente dije que quería hablar con el gerente, pero no quería hablar con el tipo que estaba haciendo disparos de bola de fuego detrás de la barra.	0
El ambiente no es mucho mejor.	0
Desafortunadamente, solo nos preparó para la desaparición con nuestros entrantes.	0
La comida no era buena.	0
Sus servidores apestan, espera, corrección, nuestro servidor Heimer apesta.	0
Lo que sucedió después fue bonito ... despues de poner.	0
Lástima porque sé que es propiedad de una familia, realmente quería que me gustara este lugar.	0
Demasiado caro para lo que está recibiendo.	0
Vomité en el baño a medio almuerzo.	0
Seguí mirando la hora y pronto se había convertido en 35 minutos, pero aún no había comida.	0
He estado en muy pocos lugares para comer que bajo ninguna circunstancia me gustaría volver, y esto encabeza la lista.	0
Comenzamos con el sashimi de atún que era de color marrón y obviamente no era fresco.	0
La comida estaba por debajo de la media.	0
Seguro que supera a los nachos en el cine, pero yo esperaría un poco más de un restaurante.	0
En general, Ha Long Bay fue un poco fracasado.	0
El problema que tengo es que cobran $ 11.99 por un sándwich que no es más grande que un sub Subway (que ofrece mejores cantidades de vegetales).	0
Camarones: cuando lo desenvolví (vivo solo a media milla de Brushfire) estaba literalmente helado.	0
Carecía de sabor, parecía poco hecha y seca.	0
Realmente es impresionante que el lugar no haya cerrado.	0
Yo evitaría este lugar si te alojas en el Mirage.	0
Los frijoles refritos que venían con mi comida estaban secos y crujientes y la comida era insípida.	0
Gastar su dinero y tiempo en otro lugar.	0
Una señora en la mesa junto a nosotros encontró una oruga verde viva en su ensalada.	0
La presentación de la comida fue horrible.	0
No puedo decirte lo decepcionada que estaba.	0
Creo que la comida debería tener sabor y textura y faltaban ambos.	0
El apetito se ha ido al instante.	0
En general, no me impresionó y no volvería.	0
Toda la experiencia fue decepcionante, y creo que la próxima vez iremos a Ninja Sushi.	0
Entonces, como si no hubiera desperdiciado suficiente de mi vida allí, echaron sal en la herida extrayendo el tiempo que llevó llevar el cheque.	0